handleId,fieldType,name,description,productImageUrl,collection,sku,ribbon,price,surcharge,visible,discountMode,discountValue,inventory,weight,cost,productOptionName1,productOptionType1,productOptionDescription1,productOptionName2,productOptionType2,productOptionDescription2,productOptionName3,productOptionType3,productOptionDescription3,productOptionName4,productOptionType4,productOptionDescription4,productOptionName5,productOptionType5,productOptionDescription5,productOptionName6,productOptionType6,productOptionDescription6,additionalInfoTitle1,additionalInfoDescription1,additionalInfoTitle2,additionalInfoDescription2,additionalInfoTitle3,additionalInfoDescription3,additionalInfoTitle4,additionalInfoDescription4,additionalInfoTitle5,additionalInfoDescription5,additionalInfoTitle6,additionalInfoDescription6,customTextField1,customTextCharLimit1,customTextMandatory1,customTextField2,customTextCharLimit2,customTextMandatory2,brand
product_9645c620-5b02-42da-a4aa-264ee4a22c39,Product,Color todo detalle,<p>Ilustración&nbsp;a color en papel de acuarela&nbsp;de 300 gr.</p>,f23654_ae843d442f0a441f84934cf541e082d2~mv2.png,Retratos,,,0.0,,true,PERCENT,0.0,InStock,,,Figuras a dibujar,DROP_DOWN,1;2;3;4;5;6;7;8;9;10,Tamaño,DROP_DOWN,Lámina A5 sin marco;Lámina A4 sin marco;Lámina A3 sin marco,,,,,,,,,,,,,,,,,,,,,,,,,Observaciones:,500,false,,,,
product_9645c620-5b02-42da-a4aa-264ee4a22c39,Variant,,,,,,,,327.0,true,,,InStock,,,,,5,,,Lámina A5 sin marco,,,,,,,,,,,,,,,,,,,,,,,,,,,,,,,
product_9645c620-5b02-42da-a4aa-264ee4a22c39,Variant,,,,,,,,197.0,true,,,InStock,,,,,3,,,Lámina A4 sin marco,,,,,,,,,,,,,,,,,,,,,,,,,,,,,,,
product_9645c620-5b02-42da-a4aa-264ee4a22c39,Variant,,,,,,,,495.0,true,,,InStock,,,,,8,,,Lámina A3 sin marco,,,,,,,,,,,,,,,,,,,,,,,,,,,,,,,
product_9645c620-5b02-42da-a4aa-264ee4a22c39,Variant,,,,,,,,523.0,true,,,InStock,,,,,9,,,Lámina A5 sin marco,,,,,,,,,,,,,,,,,,,,,,,,,,,,,,,
product_9645c620-5b02-42da-a4aa-264ee4a22c39,Variant,,,,,,,,73.0,true,,,InStock,,,,,1,,,Lámina A5 sin marco,,,,,,,,,,,,,,,,,,,,,,,,,,,,,,,
product_9645c620-5b02-42da-a4aa-264ee4a22c39,Variant,,,,,,,,132.0,true,,,InStock,,,,,2,,,Lámina A3 sin marco,,,,,,,,,,,,,,,,,,,,,,,,,,,,,,,
product_9645c620-5b02-42da-a4aa-264ee4a22c39,Variant,,,,,,,,523.0,true,,,InStock,,,,,9,,,Lámina A3 sin marco,,,,,,,,,,,,,,,,,,,,,,,,,,,,,,,
product_9645c620-5b02-42da-a4aa-264ee4a22c39,Variant,,,,,,,,581.0,true,,,InStock,,,,,10,,,Lámina A4 sin marco,,,,,,,,,,,,,,,,,,,,,,,,,,,,,,,
product_9645c620-5b02-42da-a4aa-264ee4a22c39,Variant,,,,,,,,495.0,true,,,InStock,,,,,8,,,Lámina A4 sin marco,,,,,,,,,,,,,,,,,,,,,,,,,,,,,,,
product_9645c620-5b02-42da-a4aa-264ee4a22c39,Variant,,,,,,,,393.0,true,,,InStock,,,,,6,,,Lámina A4 sin marco,,,,,,,,,,,,,,,,,,,,,,,,,,,,,,,
product_9645c620-5b02-42da-a4aa-264ee4a22c39,Variant,,,,,,,,197.0,true,,,InStock,,,,,3,,,Lámina A5 sin marco,,,,,,,,,,,,,,,,,,,,,,,,,,,,,,,
product_9645c620-5b02-42da-a4aa-264ee4a22c39,Variant,,,,,,,,495.0,true,,,InStock,,,,,8,,,Lámina A5 sin marco,,,,,,,,,,,,,,,,,,,,,,,,,,,,,,,
product_9645c620-5b02-42da-a4aa-264ee4a22c39,Variant,,,,,,,,263.0,true,,,InStock,,,,,4,,,Lámina A4 sin marco,,,,,,,,,,,,,,,,,,,,,,,,,,,,,,,
product_9645c620-5b02-42da-a4aa-264ee4a22c39,Variant,,,,,,,,73.0,true,,,InStock,,,,,1,,,Lámina A3 sin marco,,,,,,,,,,,,,,,,,,,,,,,,,,,,,,,
product_9645c620-5b02-42da-a4aa-264ee4a22c39,Variant,,,,,,,,581.0,true,,,InStock,,,,,10,,,Lámina A3 sin marco,,,,,,,,,,,,,,,,,,,,,,,,,,,,,,,
product_9645c620-5b02-42da-a4aa-264ee4a22c39,Variant,,,,,,,,393.0,true,,,InStock,,,,,6,,,Lámina A3 sin marco,,,,,,,,,,,,,,,,,,,,,,,,,,,,,,,
product_9645c620-5b02-42da-a4aa-264ee4a22c39,Variant,,,,,,,,263.0,true,,,InStock,,,,,4,,,Lámina A3 sin marco,,,,,,,,,,,,,,,,,,,,,,,,,,,,,,,
product_9645c620-5b02-42da-a4aa-264ee4a22c39,Variant,,,,,,,,327.0,true,,,InStock,,,,,5,,,Lámina A4 sin marco,,,,,,,,,,,,,,,,,,,,,,,,,,,,,,,
product_9645c620-5b02-42da-a4aa-264ee4a22c39,Variant,,,,,,,,433.0,true,,,InStock,,,,,7,,,Lámina A3 sin marco,,,,,,,,,,,,,,,,,,,,,,,,,,,,,,,
product_9645c620-5b02-42da-a4aa-264ee4a22c39,Variant,,,,,,,,327.0,true,,,InStock,,,,,5,,,Lámina A3 sin marco,,,,,,,,,,,,,,,,,,,,,,,,,,,,,,,
product_9645c620-5b02-42da-a4aa-264ee4a22c39,Variant,,,,,,,,523.0,true,,,InStock,,,,,9,,,Lámina A4 sin marco,,,,,,,,,,,,,,,,,,,,,,,,,,,,,,,
product_9645c620-5b02-42da-a4aa-264ee4a22c39,Variant,,,,,,,,197.0,true,,,InStock,,,,,3,,,Lámina A3 sin marco,,,,,,,,,,,,,,,,,,,,,,,,,,,,,,,
product_9645c620-5b02-42da-a4aa-264ee4a22c39,Variant,,,,,,,,581.0,true,,,InStock,,,,,10,,,Lámina A5 sin marco,,,,,,,,,,,,,,,,,,,,,,,,,,,,,,,
product_9645c620-5b02-42da-a4aa-264ee4a22c39,Variant,,,,,,,,433.0,true,,,InStock,,,,,7,,,Lámina A5 sin marco,,,,,,,,,,,,,,,,,,,,,,,,,,,,,,,
product_9645c620-5b02-42da-a4aa-264ee4a22c39,Variant,,,,,,,,132.0,true,,,InStock,,,,,2,,,Lámina A5 sin marco,,,,,,,,,,,,,,,,,,,,,,,,,,,,,,,
product_9645c620-5b02-42da-a4aa-264ee4a22c39,Variant,,,,,,,,132.0,true,,,InStock,,,,,2,,,Lámina A4 sin marco,,,,,,,,,,,,,,,,,,,,,,,,,,,,,,,
product_9645c620-5b02-42da-a4aa-264ee4a22c39,Variant,,,,,,,,393.0,true,,,InStock,,,,,6,,,Lámina A5 sin marco,,,,,,,,,,,,,,,,,,,,,,,,,,,,,,,
product_9645c620-5b02-42da-a4aa-264ee4a22c39,Variant,,,,,,,,263.0,true,,,InStock,,,,,4,,,Lámina A5 sin marco,,,,,,,,,,,,,,,,,,,,,,,,,,,,,,,
product_9645c620-5b02-42da-a4aa-264ee4a22c39,Variant,,,,,,,,433.0,true,,,InStock,,,,,7,,,Lámina A4 sin marco,,,,,,,,,,,,,,,,,,,,,,,,,,,,,,,
product_9645c620-5b02-42da-a4aa-264ee4a22c39,Variant,,,,,,,,73.0,true,,,InStock,,,,,1,,,Lámina A4 sin marco,,,,,,,,,,,,,,,,,,,,,,,,,,,,,,,
product_4e2e5909-5ac3-feeb-c57a-bc1804d372fe,Product,Marcos,,f23654_0aae5a520dca4f619cbc97b2cbe00e16~mv2.jpg,Retratos,,,0.0,,true,PERCENT,0.0,InStock,,,Tamaño,DROP_DOWN,18x24;20x20;24x30;30x30;30x40;40x50,,,,,,,,,,,,,,,,,,,,,,,,,,,,,,,,,,
product_4e2e5909-5ac3-feeb-c57a-bc1804d372fe,Variant,,,,,,,,15.0,true,,,InStock,,,,,20x20,,,,,,,,,,,,,,,,,,,,,,,,,,,,,,,,,,
product_4e2e5909-5ac3-feeb-c57a-bc1804d372fe,Variant,,,,,,,,20.0,true,,,InStock,,,,,40x50,,,,,,,,,,,,,,,,,,,,,,,,,,,,,,,,,,
product_4e2e5909-5ac3-feeb-c57a-bc1804d372fe,Variant,,,,,,,,15.0,true,,,InStock,,,,,18x24,,,,,,,,,,,,,,,,,,,,,,,,,,,,,,,,,,
product_4e2e5909-5ac3-feeb-c57a-bc1804d372fe,Variant,,,,,,,,20.0,true,,,InStock,,,,,30x40,,,,,,,,,,,,,,,,,,,,,,,,,,,,,,,,,,
product_4e2e5909-5ac3-feeb-c57a-bc1804d372fe,Variant,,,,,,,,18.0,true,,,InStock,,,,,24x30,,,,,,,,,,,,,,,,,,,,,,,,,,,,,,,,,,
product_4e2e5909-5ac3-feeb-c57a-bc1804d372fe,Variant,,,,,,,,18.0,true,,,InStock,,,,,30x30,,,,,,,,,,,,,,,,,,,,,,,,,,,,,,,,,,
product_86d32d83-d987-c665-b497-fb7e515e6594,Product,Figurín,<p>Ilustración estilo figurín de moda en papel de acuarela&nbsp;de 300 gr.</p>,f23654_cbdfff7bd2f0419089ac0745d7b4db1e~mv2.jpg,Retratos,,,0.0,,true,PERCENT,0.0,InStock,,,Figuras a dibujar,DROP_DOWN,1;2;3;4;5;6;7;8;9;10,Tamaño,DROP_DOWN,Lámina A5 sin marco;Lámina A4 sin marco;Lámina A3 sin marco,,,,,,,,,,,,,,,,,,,,,,,,,Observaciones:,500,false,,,,
product_86d32d83-d987-c665-b497-fb7e515e6594,Variant,,,,,,,,131.0,true,,,InStock,,,,,9,,,Lámina A4 sin marco,,,,,,,,,,,,,,,,,,,,,,,,,,,,,,,
product_86d32d83-d987-c665-b497-fb7e515e6594,Variant,,,,,,,,124.0,true,,,InStock,,,,,8,,,Lámina A4 sin marco,,,,,,,,,,,,,,,,,,,,,,,,,,,,,,,
product_86d32d83-d987-c665-b497-fb7e515e6594,Variant,,,,,,,,98.0,true,,,InStock,,,,,6,,,Lámina A5 sin marco,,,,,,,,,,,,,,,,,,,,,,,,,,,,,,,
product_86d32d83-d987-c665-b497-fb7e515e6594,Variant,,,,,,,,98.0,true,,,InStock,,,,,6,,,Lámina A4 sin marco,,,,,,,,,,,,,,,,,,,,,,,,,,,,,,,
product_86d32d83-d987-c665-b497-fb7e515e6594,Variant,,,,,,,,83.0,true,,,InStock,,,,,5,,,Lámina A4 sin marco,,,,,,,,,,,,,,,,,,,,,,,,,,,,,,,
product_86d32d83-d987-c665-b497-fb7e515e6594,Variant,,,,,,,,108.0,true,,,InStock,,,,,7,,,Lámina A5 sin marco,,,,,,,,,,,,,,,,,,,,,,,,,,,,,,,
product_86d32d83-d987-c665-b497-fb7e515e6594,Variant,,,,,,,,50.0,true,,,InStock,,,,,3,,,Lámina A4 sin marco,,,,,,,,,,,,,,,,,,,,,,,,,,,,,,,
product_86d32d83-d987-c665-b497-fb7e515e6594,Variant,,,,,,,,50.0,true,,,InStock,,,,,3,,,Lámina A3 sin marco,,,,,,,,,,,,,,,,,,,,,,,,,,,,,,,
product_86d32d83-d987-c665-b497-fb7e515e6594,Variant,,,,,,,,124.0,true,,,InStock,,,,,8,,,Lámina A3 sin marco,,,,,,,,,,,,,,,,,,,,,,,,,,,,,,,
product_86d32d83-d987-c665-b497-fb7e515e6594,Variant,,,,,,,,33.0,true,,,InStock,,,,,2,,,Lámina A3 sin marco,,,,,,,,,,,,,,,,,,,,,,,,,,,,,,,
product_86d32d83-d987-c665-b497-fb7e515e6594,Variant,,,,,,,,66.0,true,,,InStock,,,,,4,,,Lámina A5 sin marco,,,,,,,,,,,,,,,,,,,,,,,,,,,,,,,
product_86d32d83-d987-c665-b497-fb7e515e6594,Variant,,,,,,,,124.0,true,,,InStock,,,,,8,,,Lámina A5 sin marco,,,,,,,,,,,,,,,,,,,,,,,,,,,,,,,
product_86d32d83-d987-c665-b497-fb7e515e6594,Variant,,,,,,,,108.0,true,,,InStock,,,,,7,,,Lámina A3 sin marco,,,,,,,,,,,,,,,,,,,,,,,,,,,,,,,
product_86d32d83-d987-c665-b497-fb7e515e6594,Variant,,,,,,,,108.0,true,,,InStock,,,,,7,,,Lámina A4 sin marco,,,,,,,,,,,,,,,,,,,,,,,,,,,,,,,
product_86d32d83-d987-c665-b497-fb7e515e6594,Variant,,,,,,,,50.0,true,,,InStock,,,,,3,,,Lámina A5 sin marco,,,,,,,,,,,,,,,,,,,,,,,,,,,,,,,
product_86d32d83-d987-c665-b497-fb7e515e6594,Variant,,,,,,,,66.0,true,,,InStock,,,,,4,,,Lámina A3 sin marco,,,,,,,,,,,,,,,,,,,,,,,,,,,,,,,
product_86d32d83-d987-c665-b497-fb7e515e6594,Variant,,,,,,,,19.0,true,,,InStock,,,,,1,,,Lámina A5 sin marco,,,,,,,,,,,,,,,,,,,,,,,,,,,,,,,
product_86d32d83-d987-c665-b497-fb7e515e6594,Variant,,,,,,,,19.0,true,,,InStock,,,,,1,,,Lámina A4 sin marco,,,,,,,,,,,,,,,,,,,,,,,,,,,,,,,
product_86d32d83-d987-c665-b497-fb7e515e6594,Variant,,,,,,,,83.0,true,,,InStock,,,,,5,,,Lámina A3 sin marco,,,,,,,,,,,,,,,,,,,,,,,,,,,,,,,
product_86d32d83-d987-c665-b497-fb7e515e6594,Variant,,,,,,,,146.0,true,,,InStock,,,,,10,,,Lámina A4 sin marco,,,,,,,,,,,,,,,,,,,,,,,,,,,,,,,
product_86d32d83-d987-c665-b497-fb7e515e6594,Variant,,,,,,,,131.0,true,,,InStock,,,,,9,,,Lámina A5 sin marco,,,,,,,,,,,,,,,,,,,,,,,,,,,,,,,
product_86d32d83-d987-c665-b497-fb7e515e6594,Variant,,,,,,,,83.0,true,,,InStock,,,,,5,,,Lámina A5 sin marco,,,,,,,,,,,,,,,,,,,,,,,,,,,,,,,
product_86d32d83-d987-c665-b497-fb7e515e6594,Variant,,,,,,,,98.0,true,,,InStock,,,,,6,,,Lámina A3 sin marco,,,,,,,,,,,,,,,,,,,,,,,,,,,,,,,
product_86d32d83-d987-c665-b497-fb7e515e6594,Variant,,,,,,,,66.0,true,,,InStock,,,,,4,,,Lámina A4 sin marco,,,,,,,,,,,,,,,,,,,,,,,,,,,,,,,
product_86d32d83-d987-c665-b497-fb7e515e6594,Variant,,,,,,,,33.0,true,,,InStock,,,,,2,,,Lámina A4 sin marco,,,,,,,,,,,,,,,,,,,,,,,,,,,,,,,
product_86d32d83-d987-c665-b497-fb7e515e6594,Variant,,,,,,,,146.0,true,,,InStock,,,,,10,,,Lámina A5 sin marco,,,,,,,,,,,,,,,,,,,,,,,,,,,,,,,
product_86d32d83-d987-c665-b497-fb7e515e6594,Variant,,,,,,,,131.0,true,,,InStock,,,,,9,,,Lámina A3 sin marco,,,,,,,,,,,,,,,,,,,,,,,,,,,,,,,
product_86d32d83-d987-c665-b497-fb7e515e6594,Variant,,,,,,,,19.0,true,,,InStock,,,,,1,,,Lámina A3 sin marco,,,,,,,,,,,,,,,,,,,,,,,,,,,,,,,
product_86d32d83-d987-c665-b497-fb7e515e6594,Variant,,,,,,,,146.0,true,,,InStock,,,,,10,,,Lámina A3 sin marco,,,,,,,,,,,,,,,,,,,,,,,,,,,,,,,
product_86d32d83-d987-c665-b497-fb7e515e6594,Variant,,,,,,,,33.0,true,,,InStock,,,,,2,,,Lámina A5 sin marco,,,,,,,,,,,,,,,,,,,,,,,,,,,,,,,
product_23f05336-e5b5-3b87-137a-4d6b70422af9,Product,Totebag Erizo,,f23654_4a4aa4b45fd24a28991a9b78bae4ceb2~mv2.png,Tote bags,,,20.0,,true,PERCENT,0.0,InStock,,,,,,,,,,,,,,,,,,,,,,,,,,,,,,,,,,,,,,,
product_03f763e3-db44-5ee6-65c8-fa1f0ce04db1,Product,Totebag Pulpo,<p>&nbsp;</p>,f23654_5e8cdf1ed2064d31991c07de617b5c2e~mv2.png,Tote bags,,,20.0,,true,PERCENT,0.0,InStock,,,,,,,,,,,,,,,,,,,,,,,,,,,,,,,,,,,,,,,
product_4d79a7af-deb2-24b1-d5d1-44b9861870ab,Product,Cala línea,<p>Lámina impresa en papel de acuarela de 300 gr.&nbsp;</p><p><em>Marco no incluido.</em></p>,f23654_1ea0563bcd254aaf934e403aeb5147a1~mv2.jpg,Prints,,,0.0,,true,PERCENT,20.0,InStock,,,Tamaño,DROP_DOWN,A5;A4;A3,,,,,,,,,,,,,,,,,,,,,,,,,,,,,,,,,,
product_4d79a7af-deb2-24b1-d5d1-44b9861870ab,Variant,,,,,,,,25.0,true,,,InStock,,,,,A3,,,,,,,,,,,,,,,,,,,,,,,,,,,,,,,,,,
product_4d79a7af-deb2-24b1-d5d1-44b9861870ab,Variant,,,,,,,,15.0,true,,,InStock,,,,,A5,,,,,,,,,,,,,,,,,,,,,,,,,,,,,,,,,,
product_4d79a7af-deb2-24b1-d5d1-44b9861870ab,Variant,,,,,,,,20.0,true,,,InStock,,,,,A4,,,,,,,,,,,,,,,,,,,,,,,,,,,,,,,,,,
product_70be6541-b406-936b-dd95-9afb90b727a9,Product,Sterlizia línea,<p>Lámina impresa en papel de acuarela de 300 gr.&nbsp;</p><p><em>Marco no incluido.</em></p>,f23654_dd6ec7947e3549328b7cb632e81493df~mv2.jpg,Prints,,,0.0,,true,PERCENT,20.0,InStock,,,Tamaño,DROP_DOWN,A5;A4;A3,,,,,,,,,,,,,,,,,,,,,,,,,,,,,,,,,,
product_70be6541-b406-936b-dd95-9afb90b727a9,Variant,,,,,,,,25.0,true,,,InStock,,,,,A3,,,,,,,,,,,,,,,,,,,,,,,,,,,,,,,,,,
product_70be6541-b406-936b-dd95-9afb90b727a9,Variant,,,,,,,,15.0,true,,,InStock,,,,,A5,,,,,,,,,,,,,,,,,,,,,,,,,,,,,,,,,,
product_70be6541-b406-936b-dd95-9afb90b727a9,Variant,,,,,,,,20.0,true,,,InStock,,,,,A4,,,,,,,,,,,,,,,,,,,,,,,,,,,,,,,,,,
product_05578a2f-7718-2a8f-08f1-6a7ed39039fd,Product,Búfalo,<p>Lámina impresa en papel de acuarela de 300 gr.&nbsp;</p><p><em>Marco no incluido.</em></p>,f23654_0d67d05d2a104443acc2c6e9ca731510~mv2.jpg,Prints,,,0.0,,true,PERCENT,20.0,InStock,,,Tamaño,DROP_DOWN,A5;A4;A3,,,,,,,,,,,,,,,,,,,,,,,,,,,,,,,,,,
product_05578a2f-7718-2a8f-08f1-6a7ed39039fd,Variant,,,,,,,,25.0,true,,,InStock,,,,,A3,,,,,,,,,,,,,,,,,,,,,,,,,,,,,,,,,,
product_05578a2f-7718-2a8f-08f1-6a7ed39039fd,Variant,,,,,,,,20.0,true,,,InStock,,,,,A4,,,,,,,,,,,,,,,,,,,,,,,,,,,,,,,,,,
product_05578a2f-7718-2a8f-08f1-6a7ed39039fd,Variant,,,,,,,,15.0,true,,,InStock,,,,,A5,,,,,,,,,,,,,,,,,,,,,,,,,,,,,,,,,,
product_4b773ac3-746c-1be8-9c58-301ac8b4c688,Product,Mike Wazowski,<p>Lámina impresa en papel de acuarela de 300 gr.&nbsp;</p><p><em>Marco no incluido.</em></p>,f23654_cd1fbefb4e284589992aa0a2c47cf06e~mv2.jpg,Prints,,,0.0,,true,PERCENT,20.0,InStock,,,Tamaño,DROP_DOWN,A5;A4;A3,,,,,,,,,,,,,,,,,,,,,,,,,,,,,,,,,,
product_4b773ac3-746c-1be8-9c58-301ac8b4c688,Variant,,,,,,,,20.0,true,,,InStock,,,,,A4,,,,,,,,,,,,,,,,,,,,,,,,,,,,,,,,,,
product_4b773ac3-746c-1be8-9c58-301ac8b4c688,Variant,,,,,,,,25.0,true,,,InStock,,,,,A3,,,,,,,,,,,,,,,,,,,,,,,,,,,,,,,,,,
product_4b773ac3-746c-1be8-9c58-301ac8b4c688,Variant,,,,,,,,15.0,true,,,InStock,,,,,A5,,,,,,,,,,,,,,,,,,,,,,,,,,,,,,,,,,
product_e3b20448-5a56-55e4-d8ff-b4553c6e018a,Product,Pulpo vertical,<p>Lámina impresa en papel de acuarela de 300 gr.&nbsp;</p><p><em>Marco no incluido.</em></p>,f23654_ea7a7c56b37f48c49775ba7b1be25014~mv2.jpg,Prints,,,0.0,,true,PERCENT,20.0,InStock,,,Tamaño,DROP_DOWN,A5;A4;A3,,,,,,,,,,,,,,,,,,,,,,,,,,,,,,,,,,
product_e3b20448-5a56-55e4-d8ff-b4553c6e018a,Variant,,,,,,,,15.0,true,,,InStock,,,,,A5,,,,,,,,,,,,,,,,,,,,,,,,,,,,,,,,,,
product_e3b20448-5a56-55e4-d8ff-b4553c6e018a,Variant,,,,,,,,25.0,true,,,InStock,,,,,A3,,,,,,,,,,,,,,,,,,,,,,,,,,,,,,,,,,
product_e3b20448-5a56-55e4-d8ff-b4553c6e018a,Variant,,,,,,,,20.0,true,,,InStock,,,,,A4,,,,,,,,,,,,,,,,,,,,,,,,,,,,,,,,,,
product_b34e7505-0010-96a1-9357-8bd38cb87788,Product,Paco,<p>Lámina impresa en papel de acuarela de 300 gr.&nbsp;</p><p><em>Marco no incluido.</em></p>,f23654_2e6a5d029dcb4b6584c486c20338ce97~mv2.jpg,Prints,,,0.0,,true,PERCENT,20.0,InStock,,,Tamaño,DROP_DOWN,A5;A4;A3,,,,,,,,,,,,,,,,,,,,,,,,,,,,,,,,,,
product_b34e7505-0010-96a1-9357-8bd38cb87788,Variant,,,,,,,,15.0,true,,,InStock,,,,,A5,,,,,,,,,,,,,,,,,,,,,,,,,,,,,,,,,,
product_b34e7505-0010-96a1-9357-8bd38cb87788,Variant,,,,,,,,20.0,true,,,InStock,,,,,A4,,,,,,,,,,,,,,,,,,,,,,,,,,,,,,,,,,
product_b34e7505-0010-96a1-9357-8bd38cb87788,Variant,,,,,,,,25.0,true,,,InStock,,,,,A3,,,,,,,,,,,,,,,,,,,,,,,,,,,,,,,,,,
product_52451101-6fb9-369e-0230-298c058bac50,Product,Chica línea,<p>Lámina impresa en papel de acuarela de 300 gr.&nbsp;</p><p><em>Marco no incluido.</em></p>,f23654_7fff22df16894a12ae761077f65b8f8b~mv2.jpg,Prints,,,0.0,,true,PERCENT,20.0,InStock,,,Tamaño,DROP_DOWN,A5;A4;A3,,,,,,,,,,,,,,,,,,,,,,,,,,,,,,,,,,
product_52451101-6fb9-369e-0230-298c058bac50,Variant,,,,,,,,25.0,true,,,InStock,,,,,A3,,,,,,,,,,,,,,,,,,,,,,,,,,,,,,,,,,
product_52451101-6fb9-369e-0230-298c058bac50,Variant,,,,,,,,15.0,true,,,InStock,,,,,A5,,,,,,,,,,,,,,,,,,,,,,,,,,,,,,,,,,
product_52451101-6fb9-369e-0230-298c058bac50,Variant,,,,,,,,20.0,true,,,InStock,,,,,A4,,,,,,,,,,,,,,,,,,,,,,,,,,,,,,,,,,
product_cecb09e5-4c9e-000e-6017-5024531dd76f,Product,Aretha Franklin,<p>Lámina impresa en papel de acuarela de 300 gr.&nbsp;</p><p><em>Marco no incluido.</em></p>,f23654_aa37e90ca38041deb77ca4e0c375ab9e~mv2.jpg,Prints,,,0.0,,true,PERCENT,20.0,InStock,,,Tamaño,DROP_DOWN,A5;A4;A3,,,,,,,,,,,,,,,,,,,,,,,,,,,,,,,,,,
product_cecb09e5-4c9e-000e-6017-5024531dd76f,Variant,,,,,,,,15.0,true,,,InStock,,,,,A5,,,,,,,,,,,,,,,,,,,,,,,,,,,,,,,,,,
product_cecb09e5-4c9e-000e-6017-5024531dd76f,Variant,,,,,,,,25.0,true,,,InStock,,,,,A3,,,,,,,,,,,,,,,,,,,,,,,,,,,,,,,,,,
product_cecb09e5-4c9e-000e-6017-5024531dd76f,Variant,,,,,,,,20.0,true,,,InStock,,,,,A4,,,,,,,,,,,,,,,,,,,,,,,,,,,,,,,,,,
product_17a412b2-c051-9d03-3d00-3ec955fbd700,Product,Rana bici flores,<p>Lámina impresa en papel de acuarela de 300 gr.&nbsp;</p><p><em>Marco no incluido.</em></p>,f23654_5909e695c9614cf6a290e086fdb2c3e6~mv2.jpg,Prints,,,0.0,,true,PERCENT,20.0,InStock,,,Tamaño,DROP_DOWN,A5;A4;A3,,,,,,,,,,,,,,,,,,,,,,,,,,,,,,,,,,
product_17a412b2-c051-9d03-3d00-3ec955fbd700,Variant,,,,,,,,25.0,true,,,InStock,,,,,A3,,,,,,,,,,,,,,,,,,,,,,,,,,,,,,,,,,
product_17a412b2-c051-9d03-3d00-3ec955fbd700,Variant,,,,,,,,15.0,true,,,InStock,,,,,A5,,,,,,,,,,,,,,,,,,,,,,,,,,,,,,,,,,
product_17a412b2-c051-9d03-3d00-3ec955fbd700,Variant,,,,,,,,20.0,true,,,InStock,,,,,A4,,,,,,,,,,,,,,,,,,,,,,,,,,,,,,,,,,
product_6b9cb571-1fc6-5f52-4c45-c20d61bcdceb,Product,Cabeza animales,<p>Lámina impresa en papel de acuarela de 300 gr.&nbsp;</p><p><em>Marco no incluido.</em></p>,f23654_037e189ae9ef4dd28a2a846b94b34055~mv2.jpg,Prints,,,0.0,,true,PERCENT,20.0,InStock,,,Tamaño,DROP_DOWN,A5;A4;A3,,,,,,,,,,,,,,,,,,,,,,,,,,,,,,,,,,
product_6b9cb571-1fc6-5f52-4c45-c20d61bcdceb,Variant,,,,,,,,25.0,true,,,InStock,,,,,A3,,,,,,,,,,,,,,,,,,,,,,,,,,,,,,,,,,
product_6b9cb571-1fc6-5f52-4c45-c20d61bcdceb,Variant,,,,,,,,20.0,true,,,InStock,,,,,A4,,,,,,,,,,,,,,,,,,,,,,,,,,,,,,,,,,
product_6b9cb571-1fc6-5f52-4c45-c20d61bcdceb,Variant,,,,,,,,15.0,true,,,InStock,,,,,A5,,,,,,,,,,,,,,,,,,,,,,,,,,,,,,,,,,
product_3fc277fc-db27-495b-2d00-a6e0177e84eb,Product,Cabeza ola,<p>Lámina impresa en papel de acuarela de 300 gr.&nbsp;</p><p><em>Marco no incluido.</em></p>,f23654_c0d9a34a47c84a6480b0f4cb08cd6b56~mv2.jpg,Prints,,,0.0,,true,PERCENT,20.0,InStock,,,Tamaño,DROP_DOWN,A5;A4;A3,,,,,,,,,,,,,,,,,,,,,,,,,,,,,,,,,,
product_3fc277fc-db27-495b-2d00-a6e0177e84eb,Variant,,,,,,,,25.0,true,,,InStock,,,,,A3,,,,,,,,,,,,,,,,,,,,,,,,,,,,,,,,,,
product_3fc277fc-db27-495b-2d00-a6e0177e84eb,Variant,,,,,,,,15.0,true,,,InStock,,,,,A5,,,,,,,,,,,,,,,,,,,,,,,,,,,,,,,,,,
product_3fc277fc-db27-495b-2d00-a6e0177e84eb,Variant,,,,,,,,20.0,true,,,InStock,,,,,A4,,,,,,,,,,,,,,,,,,,,,,,,,,,,,,,,,,
product_f53cc707-d9e0-50d8-5d32-e4117b827042,Product,Cabeza casa,<p>Lámina impresa en papel de acuarela de 300 gr.&nbsp;</p><p><em>Marco no incluido.</em></p>,f23654_98aded60019d420bbdb8d2a370c29a2e~mv2.jpg,Prints,,,0.0,,true,PERCENT,20.0,InStock,,,Tamaño,DROP_DOWN,A5;A4;A3,,,,,,,,,,,,,,,,,,,,,,,,,,,,,,,,,,
product_f53cc707-d9e0-50d8-5d32-e4117b827042,Variant,,,,,,,,20.0,true,,,InStock,,,,,A4,,,,,,,,,,,,,,,,,,,,,,,,,,,,,,,,,,
product_f53cc707-d9e0-50d8-5d32-e4117b827042,Variant,,,,,,,,15.0,true,,,InStock,,,,,A5,,,,,,,,,,,,,,,,,,,,,,,,,,,,,,,,,,
product_f53cc707-d9e0-50d8-5d32-e4117b827042,Variant,,,,,,,,25.0,true,,,InStock,,,,,A3,,,,,,,,,,,,,,,,,,,,,,,,,,,,,,,,,,
product_87234afa-bd61-0dd7-f9aa-ea73520f06ad,Product,Cabeza Galicia,<p>Lámina impresa en papel de acuarela de 300 gr.&nbsp;</p><p><em>Marco no incluido.</em></p>,f23654_7a30bb8951aa44ecad26279b83913362~mv2.jpg,Prints,,,0.0,,true,PERCENT,20.0,InStock,,,Tamaño,DROP_DOWN,A5;A4;A3,,,,,,,,,,,,,,,,,,,,,,,,,,,,,,,,,,
product_87234afa-bd61-0dd7-f9aa-ea73520f06ad,Variant,,,,,,,,20.0,true,,,InStock,,,,,A4,,,,,,,,,,,,,,,,,,,,,,,,,,,,,,,,,,
product_87234afa-bd61-0dd7-f9aa-ea73520f06ad,Variant,,,,,,,,25.0,true,,,InStock,,,,,A3,,,,,,,,,,,,,,,,,,,,,,,,,,,,,,,,,,
product_87234afa-bd61-0dd7-f9aa-ea73520f06ad,Variant,,,,,,,,15.0,true,,,InStock,,,,,A5,,,,,,,,,,,,,,,,,,,,,,,,,,,,,,,,,,
product_72ba1cb4-604a-3275-3b55-db0158b3566a,Product,El juego del calamar,<p>Lámina impresa en papel de acuarela de 300 gr.&nbsp;</p><p><em>Marco no incluido.</em></p>,f23654_5c98815e509a4bd4ab950fe5df766bff~mv2.jpg,Prints,,,0.0,,true,PERCENT,20.0,InStock,,,Tamaño,DROP_DOWN,A5;A4;A3,,,,,,,,,,,,,,,,,,,,,,,,,,,,,,,,,,
product_72ba1cb4-604a-3275-3b55-db0158b3566a,Variant,,,,,,,,25.0,true,,,InStock,,,,,A3,,,,,,,,,,,,,,,,,,,,,,,,,,,,,,,,,,
product_72ba1cb4-604a-3275-3b55-db0158b3566a,Variant,,,,,,,,15.0,true,,,InStock,,,,,A5,,,,,,,,,,,,,,,,,,,,,,,,,,,,,,,,,,
product_72ba1cb4-604a-3275-3b55-db0158b3566a,Variant,,,,,,,,20.0,true,,,InStock,,,,,A4,,,,,,,,,,,,,,,,,,,,,,,,,,,,,,,,,,
product_33fd6df4-9263-660f-1047-2e8a78a93c7c,Product,Gallo teriomorfo,,f23654_7e12942c60f84e81b2584ce221d8be0f~mv2.jpg,Prints,,,0.0,,true,PERCENT,20.0,InStock,,,Tamaño,DROP_DOWN,A5;A4;A3,,,,,,,,,,,,,,,,,,,,,,,,,,,,,,,,,,
product_33fd6df4-9263-660f-1047-2e8a78a93c7c,Variant,,,,,,,,20.0,true,,,InStock,,,,,A4,,,,,,,,,,,,,,,,,,,,,,,,,,,,,,,,,,
product_33fd6df4-9263-660f-1047-2e8a78a93c7c,Variant,,,,,,,,15.0,true,,,InStock,,,,,A5,,,,,,,,,,,,,,,,,,,,,,,,,,,,,,,,,,
product_33fd6df4-9263-660f-1047-2e8a78a93c7c,Variant,,,,,,,,25.0,true,,,InStock,,,,,A3,,,,,,,,,,,,,,,,,,,,,,,,,,,,,,,,,,
product_eb1868b2-cc10-9509-d124-75994d659f6e,Product,Máquina de coser,,f23654_77cab4dcc91e434598ee87d62ba1bdd2~mv2.jpg,Prints,,,0.0,,true,PERCENT,20.0,InStock,,,Tamaño,DROP_DOWN,A5;A4;A3,,,,,,,,,,,,,,,,,,,,,,,,,,,,,,,,,,
product_eb1868b2-cc10-9509-d124-75994d659f6e,Variant,,,,,,,,25.0,true,,,InStock,,,,,A3,,,,,,,,,,,,,,,,,,,,,,,,,,,,,,,,,,
product_eb1868b2-cc10-9509-d124-75994d659f6e,Variant,,,,,,,,15.0,true,,,InStock,,,,,A5,,,,,,,,,,,,,,,,,,,,,,,,,,,,,,,,,,
product_eb1868b2-cc10-9509-d124-75994d659f6e,Variant,,,,,,,,20.0,true,,,InStock,,,,,A4,,,,,,,,,,,,,,,,,,,,,,,,,,,,,,,,,,
product_18eb2d49-4a0a-c7fb-7493-595890479be9,Product,Amari,,f23654_ed08f308889849a981b3ba479affd80a~mv2.jpg,Prints,,,0.0,,true,PERCENT,20.0,InStock,,,Tamaño,DROP_DOWN,A5;A4;A3,,,,,,,,,,,,,,,,,,,,,,,,,,,,,,,,,,
product_18eb2d49-4a0a-c7fb-7493-595890479be9,Variant,,,,,,,,25.0,true,,,InStock,,,,,A3,,,,,,,,,,,,,,,,,,,,,,,,,,,,,,,,,,
product_18eb2d49-4a0a-c7fb-7493-595890479be9,Variant,,,,,,,,15.0,true,,,InStock,,,,,A5,,,,,,,,,,,,,,,,,,,,,,,,,,,,,,,,,,
product_18eb2d49-4a0a-c7fb-7493-595890479be9,Variant,,,,,,,,20.0,true,,,InStock,,,,,A4,,,,,,,,,,,,,,,,,,,,,,,,,,,,,,,,,,
product_29600ae0-8af0-ccb0-462b-265272d462c0,Product,Gata teriomorfa,,f23654_7e0301a298c6434c8b5c33e300f3048d~mv2.jpg,Prints,,,0.0,,true,PERCENT,20.0,InStock,,,Tamaño,DROP_DOWN,A5;A4;A3,,,,,,,,,,,,,,,,,,,,,,,,,,,,,,,,,,
product_29600ae0-8af0-ccb0-462b-265272d462c0,Variant,,,,,,,,25.0,true,,,InStock,,,,,A3,,,,,,,,,,,,,,,,,,,,,,,,,,,,,,,,,,
product_29600ae0-8af0-ccb0-462b-265272d462c0,Variant,,,,,,,,15.0,true,,,InStock,,,,,A5,,,,,,,,,,,,,,,,,,,,,,,,,,,,,,,,,,
product_29600ae0-8af0-ccb0-462b-265272d462c0,Variant,,,,,,,,20.0,true,,,InStock,,,,,A4,,,,,,,,,,,,,,,,,,,,,,,,,,,,,,,,,,
product_e4dfc5ee-fb54-5671-1a6d-972cca5f3e93,Product,Cebra,,f23654_4d621af39fad4bc98bbd7c2b8ff4b5a8~mv2.jpg,Prints,,,0.0,,true,PERCENT,20.0,InStock,,,Tamaño,DROP_DOWN,A5;A4;A3,,,,,,,,,,,,,,,,,,,,,,,,,,,,,,,,,,
product_e4dfc5ee-fb54-5671-1a6d-972cca5f3e93,Variant,,,,,,,,20.0,true,,,InStock,,,,,A4,,,,,,,,,,,,,,,,,,,,,,,,,,,,,,,,,,
product_e4dfc5ee-fb54-5671-1a6d-972cca5f3e93,Variant,,,,,,,,25.0,true,,,InStock,,,,,A3,,,,,,,,,,,,,,,,,,,,,,,,,,,,,,,,,,
product_e4dfc5ee-fb54-5671-1a6d-972cca5f3e93,Variant,,,,,,,,15.0,true,,,InStock,,,,,A5,,,,,,,,,,,,,,,,,,,,,,,,,,,,,,,,,,
product_e4478e16-80d4-80be-c5df-da03447665c2,Product,Libélula,,f23654_238a9a9d6fa948e399af33b1dd21e1a5~mv2.jpg,Prints,,,0.0,,true,PERCENT,20.0,InStock,,,Tamaño,DROP_DOWN,A5;A4;A3,,,,,,,,,,,,,,,,,,,,,,,,,,,,,,,,,,
product_e4478e16-80d4-80be-c5df-da03447665c2,Variant,,,,,,,,25.0,true,,,InStock,,,,,A3,,,,,,,,,,,,,,,,,,,,,,,,,,,,,,,,,,
product_e4478e16-80d4-80be-c5df-da03447665c2,Variant,,,,,,,,20.0,true,,,InStock,,,,,A4,,,,,,,,,,,,,,,,,,,,,,,,,,,,,,,,,,
product_e4478e16-80d4-80be-c5df-da03447665c2,Variant,,,,,,,,15.0,true,,,InStock,,,,,A5,,,,,,,,,,,,,,,,,,,,,,,,,,,,,,,,,,
product_d8c1595f-17a9-8360-74e7-00bc4b5fea63,Product,Mariposa,,f23654_f3fb9b82888247a4b02d5cad3eddcba5~mv2.jpg,Prints,,,0.0,,true,PERCENT,20.0,InStock,,,Tamaño,DROP_DOWN,A5;A4;A3,,,,,,,,,,,,,,,,,,,,,,,,,,,,,,,,,,
product_d8c1595f-17a9-8360-74e7-00bc4b5fea63,Variant,,,,,,,,25.0,true,,,InStock,,,,,A3,,,,,,,,,,,,,,,,,,,,,,,,,,,,,,,,,,
product_d8c1595f-17a9-8360-74e7-00bc4b5fea63,Variant,,,,,,,,20.0,true,,,InStock,,,,,A4,,,,,,,,,,,,,,,,,,,,,,,,,,,,,,,,,,
product_d8c1595f-17a9-8360-74e7-00bc4b5fea63,Variant,,,,,,,,15.0,true,,,InStock,,,,,A5,,,,,,,,,,,,,,,,,,,,,,,,,,,,,,,,,,
product_6afed5d2-87cf-bdbb-f2bd-8d1bf5789a43,Product,Máquina coser,,f23654_a86d3645bc674c7c8b3b938f51fd7744~mv2.jpg,Prints,,,0.0,,true,PERCENT,20.0,InStock,,,Tamaño,DROP_DOWN,A5;A4;A3,,,,,,,,,,,,,,,,,,,,,,,,,,,,,,,,,,
product_6afed5d2-87cf-bdbb-f2bd-8d1bf5789a43,Variant,,,,,,,,20.0,true,,,InStock,,,,,A4,,,,,,,,,,,,,,,,,,,,,,,,,,,,,,,,,,
product_6afed5d2-87cf-bdbb-f2bd-8d1bf5789a43,Variant,,,,,,,,25.0,true,,,InStock,,,,,A3,,,,,,,,,,,,,,,,,,,,,,,,,,,,,,,,,,
product_6afed5d2-87cf-bdbb-f2bd-8d1bf5789a43,Variant,,,,,,,,15.0,true,,,InStock,,,,,A5,,,,,,,,,,,,,,,,,,,,,,,,,,,,,,,,,,
product_0d55dc77-170d-9edf-7b7d-f3d4e334d573,Product,3 mariposas,,f23654_35d8a552d9e541898aa1d033d13f2dd0~mv2.jpg,Prints,,,0.0,,true,PERCENT,20.0,InStock,,,Tamaño,DROP_DOWN,A5;A4;A3,,,,,,,,,,,,,,,,,,,,,,,,,,,,,,,,,,
product_0d55dc77-170d-9edf-7b7d-f3d4e334d573,Variant,,,,,,,,20.0,true,,,InStock,,,,,A4,,,,,,,,,,,,,,,,,,,,,,,,,,,,,,,,,,
product_0d55dc77-170d-9edf-7b7d-f3d4e334d573,Variant,,,,,,,,25.0,true,,,InStock,,,,,A3,,,,,,,,,,,,,,,,,,,,,,,,,,,,,,,,,,
product_0d55dc77-170d-9edf-7b7d-f3d4e334d573,Variant,,,,,,,,15.0,true,,,InStock,,,,,A5,,,,,,,,,,,,,,,,,,,,,,,,,,,,,,,,,,
product_c8f4da75-1fb9-5a9d-7388-b53d9695ecfe,Product,Lince,,f23654_0c03168d871f4e049900b7fcfab5651d~mv2.jpg,Prints,,,0.0,,true,PERCENT,20.0,InStock,,,Tamaño,DROP_DOWN,A5;A4;A3,,,,,,,,,,,,,,,,,,,,,,,,,,,,,,,,,,
product_c8f4da75-1fb9-5a9d-7388-b53d9695ecfe,Variant,,,,,,,,20.0,true,,,InStock,,,,,A4,,,,,,,,,,,,,,,,,,,,,,,,,,,,,,,,,,
product_c8f4da75-1fb9-5a9d-7388-b53d9695ecfe,Variant,,,,,,,,15.0,true,,,InStock,,,,,A5,,,,,,,,,,,,,,,,,,,,,,,,,,,,,,,,,,
product_c8f4da75-1fb9-5a9d-7388-b53d9695ecfe,Variant,,,,,,,,25.0,true,,,InStock,,,,,A3,,,,,,,,,,,,,,,,,,,,,,,,,,,,,,,,,,
product_26cfae99-c43c-8ec1-dcb4-e12ede25067c,Product,Willow Smith,,f23654_d683daac175e488fba5502f6a6d15729~mv2.jpg,Prints,,,0.0,,true,PERCENT,20.0,InStock,,,Tamaño,DROP_DOWN,A5;A4;A3,,,,,,,,,,,,,,,,,,,,,,,,,,,,,,,,,,
product_26cfae99-c43c-8ec1-dcb4-e12ede25067c,Variant,,,,,,,,15.0,true,,,InStock,,,,,A5,,,,,,,,,,,,,,,,,,,,,,,,,,,,,,,,,,
product_26cfae99-c43c-8ec1-dcb4-e12ede25067c,Variant,,,,,,,,20.0,true,,,InStock,,,,,A4,,,,,,,,,,,,,,,,,,,,,,,,,,,,,,,,,,
product_26cfae99-c43c-8ec1-dcb4-e12ede25067c,Variant,,,,,,,,25.0,true,,,InStock,,,,,A3,,,,,,,,,,,,,,,,,,,,,,,,,,,,,,,,,,
product_f4d9be0f-b3b6-b22c-2e59-eeacca714401,Product,Kamali,,f23654_ee652a6328f2480bb9a35df286458030~mv2.jpg,Prints,,,0.0,,true,PERCENT,20.0,InStock,,,Tamaño,DROP_DOWN,A5;A4;A3,,,,,,,,,,,,,,,,,,,,,,,,,,,,,,,,,,
product_f4d9be0f-b3b6-b22c-2e59-eeacca714401,Variant,,,,,,,,15.0,true,,,InStock,,,,,A5,,,,,,,,,,,,,,,,,,,,,,,,,,,,,,,,,,
product_f4d9be0f-b3b6-b22c-2e59-eeacca714401,Variant,,,,,,,,20.0,true,,,InStock,,,,,A4,,,,,,,,,,,,,,,,,,,,,,,,,,,,,,,,,,
product_f4d9be0f-b3b6-b22c-2e59-eeacca714401,Variant,,,,,,,,25.0,true,,,InStock,,,,,A3,,,,,,,,,,,,,,,,,,,,,,,,,,,,,,,,,,
product_279ee79d-22c9-da1d-0b42-7abef935d262,Product,Quino Mafalda,,f23654_879821bdabda4a5c91b937818b477e3b~mv2.jpg,Prints,,,0.0,,true,PERCENT,20.0,InStock,,,Tamaño,DROP_DOWN,A5;A4;A3,,,,,,,,,,,,,,,,,,,,,,,,,,,,,,,,,,
product_279ee79d-22c9-da1d-0b42-7abef935d262,Variant,,,,,,,,25.0,true,,,InStock,,,,,A3,,,,,,,,,,,,,,,,,,,,,,,,,,,,,,,,,,
product_279ee79d-22c9-da1d-0b42-7abef935d262,Variant,,,,,,,,20.0,true,,,InStock,,,,,A4,,,,,,,,,,,,,,,,,,,,,,,,,,,,,,,,,,
product_279ee79d-22c9-da1d-0b42-7abef935d262,Variant,,,,,,,,15.0,true,,,InStock,,,,,A5,,,,,,,,,,,,,,,,,,,,,,,,,,,,,,,,,,
product_b08ffca8-1ef6-0a46-351a-0736286980cf,Product,Pájaro teriomorfo,,f23654_a713d979f8bf4187b992da01a10b78dc~mv2.jpg,Prints,,,0.0,,true,PERCENT,20.0,InStock,,,Tamaño,DROP_DOWN,A5;A4;A3,,,,,,,,,,,,,,,,,,,,,,,,,,,,,,,,,,
product_b08ffca8-1ef6-0a46-351a-0736286980cf,Variant,,,,,,,,20.0,true,,,InStock,,,,,A4,,,,,,,,,,,,,,,,,,,,,,,,,,,,,,,,,,
product_b08ffca8-1ef6-0a46-351a-0736286980cf,Variant,,,,,,,,25.0,true,,,InStock,,,,,A3,,,,,,,,,,,,,,,,,,,,,,,,,,,,,,,,,,
product_b08ffca8-1ef6-0a46-351a-0736286980cf,Variant,,,,,,,,15.0,true,,,InStock,,,,,A5,,,,,,,,,,,,,,,,,,,,,,,,,,,,,,,,,,
product_3044825d-ea14-c16c-7ba6-078c4315f43e,Product,Angela Molina,,f23654_964dc7781d984028a594e68a20dd6710~mv2.jpg,Prints,,,0.0,,true,PERCENT,20.0,InStock,,,Tamaño,DROP_DOWN,A5;A4;A3,,,,,,,,,,,,,,,,,,,,,,,,,,,,,,,,,,
product_3044825d-ea14-c16c-7ba6-078c4315f43e,Variant,,,,,,,,20.0,true,,,InStock,,,,,A4,,,,,,,,,,,,,,,,,,,,,,,,,,,,,,,,,,
product_3044825d-ea14-c16c-7ba6-078c4315f43e,Variant,,,,,,,,25.0,true,,,InStock,,,,,A3,,,,,,,,,,,,,,,,,,,,,,,,,,,,,,,,,,
product_3044825d-ea14-c16c-7ba6-078c4315f43e,Variant,,,,,,,,15.0,true,,,InStock,,,,,A5,,,,,,,,,,,,,,,,,,,,,,,,,,,,,,,,,,
product_ba5514f7-4506-3145-113a-ab658bb2de90,Product,Gato teriomorfo,<p>Lámina impresa en papel de acuarela de 300 gr.&nbsp;</p><p><em>Marco no incluido.</em></p>,f23654_3dd3956ad82941178ed9a3b3f5cb005d~mv2.jpg,Prints,,,0.0,,true,PERCENT,20.0,InStock,,,Tamaño,DROP_DOWN,A5;A4;A3,,,,,,,,,,,,,,,,,,,,,,,,,,,,,,,,,,
product_ba5514f7-4506-3145-113a-ab658bb2de90,Variant,,,,,,,,15.0,true,,,InStock,,,,,A5,,,,,,,,,,,,,,,,,,,,,,,,,,,,,,,,,,
product_ba5514f7-4506-3145-113a-ab658bb2de90,Variant,,,,,,,,25.0,true,,,InStock,,,,,A3,,,,,,,,,,,,,,,,,,,,,,,,,,,,,,,,,,
product_ba5514f7-4506-3145-113a-ab658bb2de90,Variant,,,,,,,,20.0,true,,,InStock,,,,,A4,,,,,,,,,,,,,,,,,,,,,,,,,,,,,,,,,,
product_4de25527-2179-4794-c75e-412fbe16ee90,Product,Joker,<p>Lámina impresa en papel de acuarela de 300 gr.&nbsp;</p><p><em>Marco no incluido.</em></p>,f23654_c5d5ca7c3de54908ab168ab5979d9155~mv2.jpg,Prints,,,0.0,,true,PERCENT,20.0,InStock,,,Tamaño,DROP_DOWN,A5;A4;A3,,,,,,,,,,,,,,,,,,,,,,,,,,,,,,,,,,
product_4de25527-2179-4794-c75e-412fbe16ee90,Variant,,,,,,,,25.0,true,,,InStock,,,,,A3,,,,,,,,,,,,,,,,,,,,,,,,,,,,,,,,,,
product_4de25527-2179-4794-c75e-412fbe16ee90,Variant,,,,,,,,20.0,true,,,InStock,,,,,A4,,,,,,,,,,,,,,,,,,,,,,,,,,,,,,,,,,
product_4de25527-2179-4794-c75e-412fbe16ee90,Variant,,,,,,,,15.0,true,,,InStock,,,,,A5,,,,,,,,,,,,,,,,,,,,,,,,,,,,,,,,,,
product_07997398-f4b3-c532-e925-aa9002d638f1,Product,Nala,<p>Lámina impresa en papel de acuarela de 300 gr.&nbsp;</p><p><em>Marco no incluido.</em></p>,f23654_e6c1f04e67bf48cf9473d83014d92b6c~mv2.jpg,Prints,,,0.0,,true,PERCENT,20.0,InStock,,,Tamaño,DROP_DOWN,A5;A4;A3,,,,,,,,,,,,,,,,,,,,,,,,,,,,,,,,,,
product_07997398-f4b3-c532-e925-aa9002d638f1,Variant,,,,,,,,20.0,true,,,InStock,,,,,A4,,,,,,,,,,,,,,,,,,,,,,,,,,,,,,,,,,
product_07997398-f4b3-c532-e925-aa9002d638f1,Variant,,,,,,,,15.0,true,,,InStock,,,,,A5,,,,,,,,,,,,,,,,,,,,,,,,,,,,,,,,,,
product_07997398-f4b3-c532-e925-aa9002d638f1,Variant,,,,,,,,25.0,true,,,InStock,,,,,A3,,,,,,,,,,,,,,,,,,,,,,,,,,,,,,,,,,
product_7ebb8143-a2b6-5c81-8a7a-869cd232822a,Product,Telefono antiguo,<p>Lámina impresa en papel de acuarela de 300 gr.&nbsp;</p><p><em>Marco no incluido.</em></p>,f23654_f65bdb85449e44f6a771676dc045fc5b~mv2.jpg,Prints,,,0.0,,true,PERCENT,20.0,InStock,,,Tamaño,DROP_DOWN,A5;A4;A3,,,,,,,,,,,,,,,,,,,,,,,,,,,,,,,,,,
product_7ebb8143-a2b6-5c81-8a7a-869cd232822a,Variant,,,,,,,,20.0,true,,,InStock,,,,,A4,,,,,,,,,,,,,,,,,,,,,,,,,,,,,,,,,,
product_7ebb8143-a2b6-5c81-8a7a-869cd232822a,Variant,,,,,,,,25.0,true,,,InStock,,,,,A3,,,,,,,,,,,,,,,,,,,,,,,,,,,,,,,,,,
product_7ebb8143-a2b6-5c81-8a7a-869cd232822a,Variant,,,,,,,,15.0,true,,,InStock,,,,,A5,,,,,,,,,,,,,,,,,,,,,,,,,,,,,,,,,,
product_97623808-a3f5-005b-565a-7301c3ff1635,Product,Dani Rovira,<p>Lámina impresa en papel de acuarela de 300 gr.&nbsp;</p><p><em>Marco no incluido.</em></p>,f23654_422da46d1bcc4a92b082cbf89b2156b9~mv2.jpg,Prints,,,0.0,,true,PERCENT,20.0,InStock,,,Tamaño,DROP_DOWN,A5;A4;A3,,,,,,,,,,,,,,,,,,,,,,,,,,,,,,,,,,
product_97623808-a3f5-005b-565a-7301c3ff1635,Variant,,,,,,,,25.0,true,,,InStock,,,,,A3,,,,,,,,,,,,,,,,,,,,,,,,,,,,,,,,,,
product_97623808-a3f5-005b-565a-7301c3ff1635,Variant,,,,,,,,15.0,true,,,InStock,,,,,A5,,,,,,,,,,,,,,,,,,,,,,,,,,,,,,,,,,
product_97623808-a3f5-005b-565a-7301c3ff1635,Variant,,,,,,,,20.0,true,,,InStock,,,,,A4,,,,,,,,,,,,,,,,,,,,,,,,,,,,,,,,,,
product_3bf1e3e5-043b-2962-a4ef-e9bd87f11e5d,Product,Mariquitilla,<p>Lámina impresa en papel de acuarela de 300 gr.&nbsp;</p><p><em>Marco no incluido.</em></p>,f23654_ed6ded384a804c5db36ce51c5f28287c~mv2.jpg,Prints,,,0.0,,true,PERCENT,20.0,InStock,,,Tamaño,DROP_DOWN,A5;A4;A3,,,,,,,,,,,,,,,,,,,,,,,,,,,,,,,,,,
product_3bf1e3e5-043b-2962-a4ef-e9bd87f11e5d,Variant,,,,,,,,15.0,true,,,InStock,,,,,A5,,,,,,,,,,,,,,,,,,,,,,,,,,,,,,,,,,
product_3bf1e3e5-043b-2962-a4ef-e9bd87f11e5d,Variant,,,,,,,,25.0,true,,,InStock,,,,,A3,,,,,,,,,,,,,,,,,,,,,,,,,,,,,,,,,,
product_3bf1e3e5-043b-2962-a4ef-e9bd87f11e5d,Variant,,,,,,,,20.0,true,,,InStock,,,,,A4,,,,,,,,,,,,,,,,,,,,,,,,,,,,,,,,,,
product_b81c11b0-5082-5fb8-a2a2-e218fc9c6b11,Product,Erizo,<p>Lámina impresa en papel de acuarela de 300 gr.&nbsp;</p><p><em>Marco no incluido.</em></p>,f23654_b08420e0f66d46f0b78b7208477eb551~mv2.jpg,Prints,,,0.0,,true,PERCENT,20.0,InStock,,,Tamaño,DROP_DOWN,A5;A4;A3,,,,,,,,,,,,,,,,,,,,,,,,,,,,,,,,,,
product_b81c11b0-5082-5fb8-a2a2-e218fc9c6b11,Variant,,,,,,,,25.0,true,,,InStock,,,,,A3,,,,,,,,,,,,,,,,,,,,,,,,,,,,,,,,,,
product_b81c11b0-5082-5fb8-a2a2-e218fc9c6b11,Variant,,,,,,,,20.0,true,,,InStock,,,,,A4,,,,,,,,,,,,,,,,,,,,,,,,,,,,,,,,,,
product_b81c11b0-5082-5fb8-a2a2-e218fc9c6b11,Variant,,,,,,,,15.0,true,,,InStock,,,,,A5,,,,,,,,,,,,,,,,,,,,,,,,,,,,,,,,,,
product_975a34ca-b4ad-25af-330d-713c3f84735a,Product,Lagartija,<p>Lámina impresa en papel de acuarela de 300 gr.&nbsp;</p><p><em>Marco no incluido.</em></p>,f23654_1ead087fcc1b4af4923943cef9858092~mv2.jpg,Prints,,,0.0,,true,PERCENT,20.0,InStock,,,Tamaño,DROP_DOWN,A5;A4;A3,,,,,,,,,,,,,,,,,,,,,,,,,,,,,,,,,,
product_975a34ca-b4ad-25af-330d-713c3f84735a,Variant,,,,,,,,20.0,true,,,InStock,,,,,A4,,,,,,,,,,,,,,,,,,,,,,,,,,,,,,,,,,
product_975a34ca-b4ad-25af-330d-713c3f84735a,Variant,,,,,,,,25.0,true,,,InStock,,,,,A3,,,,,,,,,,,,,,,,,,,,,,,,,,,,,,,,,,
product_975a34ca-b4ad-25af-330d-713c3f84735a,Variant,,,,,,,,15.0,true,,,InStock,,,,,A5,,,,,,,,,,,,,,,,,,,,,,,,,,,,,,,,,,
product_4ecfe525-9f73-c6d0-987f-083c3b3f15fb,Product,Rana biciclo,<p>Lámina impresa en papel de acuarela de 300 gr.&nbsp;</p><p><em>Marco no incluido.</em></p>,f23654_2a09bdb7746a4a6c9cdb2f9b784b52ac~mv2.jpg,Prints,,,0.0,,true,PERCENT,20.0,InStock,,,Tamaño,DROP_DOWN,A5;A4;A3,,,,,,,,,,,,,,,,,,,,,,,,,,,,,,,,,,
product_4ecfe525-9f73-c6d0-987f-083c3b3f15fb,Variant,,,,,,,,20.0,true,,,InStock,,,,,A4,,,,,,,,,,,,,,,,,,,,,,,,,,,,,,,,,,
product_4ecfe525-9f73-c6d0-987f-083c3b3f15fb,Variant,,,,,,,,25.0,true,,,InStock,,,,,A3,,,,,,,,,,,,,,,,,,,,,,,,,,,,,,,,,,
product_4ecfe525-9f73-c6d0-987f-083c3b3f15fb,Variant,,,,,,,,15.0,true,,,InStock,,,,,A5,,,,,,,,,,,,,,,,,,,,,,,,,,,,,,,,,,
product_6dd9fbca-eb57-56ac-01d0-9a24d14f4a59,Product,Samurai,<p>Lámina impresa en papel de acuarela de 300 gr.&nbsp;</p><p><em>Marco no incluido.</em></p>,f23654_bfabbc98cb54415ba5a0d26200b85a71~mv2.jpg,Prints,,,0.0,,true,PERCENT,20.0,InStock,,,Tamaño,DROP_DOWN,A5;A4;A3,,,,,,,,,,,,,,,,,,,,,,,,,,,,,,,,,,
product_6dd9fbca-eb57-56ac-01d0-9a24d14f4a59,Variant,,,,,,,,20.0,true,,,InStock,,,,,A4,,,,,,,,,,,,,,,,,,,,,,,,,,,,,,,,,,
product_6dd9fbca-eb57-56ac-01d0-9a24d14f4a59,Variant,,,,,,,,15.0,true,,,InStock,,,,,A5,,,,,,,,,,,,,,,,,,,,,,,,,,,,,,,,,,
product_6dd9fbca-eb57-56ac-01d0-9a24d14f4a59,Variant,,,,,,,,25.0,true,,,InStock,,,,,A3,,,,,,,,,,,,,,,,,,,,,,,,,,,,,,,,,,
product_a51cb00c-77bc-1e1a-6d91-0178baf30771,Product,Cangrejos,<p>Lámina impresa en papel de acuarela de 300 gr.&nbsp;</p><p><em>Marco no incluido.</em></p>,f23654_c2533b78bba84f289ec68ab7c7874aca~mv2.jpg,Prints,,,0.0,,true,PERCENT,20.0,InStock,,,Tamaño,DROP_DOWN,A5;A4;A3,,,,,,,,,,,,,,,,,,,,,,,,,,,,,,,,,,
product_a51cb00c-77bc-1e1a-6d91-0178baf30771,Variant,,,,,,,,25.0,true,,,InStock,,,,,A3,,,,,,,,,,,,,,,,,,,,,,,,,,,,,,,,,,
product_a51cb00c-77bc-1e1a-6d91-0178baf30771,Variant,,,,,,,,20.0,true,,,InStock,,,,,A4,,,,,,,,,,,,,,,,,,,,,,,,,,,,,,,,,,
product_a51cb00c-77bc-1e1a-6d91-0178baf30771,Variant,,,,,,,,15.0,true,,,InStock,,,,,A5,,,,,,,,,,,,,,,,,,,,,,,,,,,,,,,,,,
product_d035d0f8-723c-ae2a-8407-e27b2a876b70,Product,Freddie,<p>Lámina impresa en papel de acuarela de 300 gr.&nbsp;</p><p><em>Marco no incluido.</em></p>,f23654_accb8fd5bd3546f29fe340358d72b5a0~mv2.jpg,Prints,,,0.0,,true,PERCENT,20.0,InStock,,,Tamaño,DROP_DOWN,A5;A4;A3,,,,,,,,,,,,,,,,,,,,,,,,,,,,,,,,,,
product_d035d0f8-723c-ae2a-8407-e27b2a876b70,Variant,,,,,,,,20.0,true,,,InStock,,,,,A4,,,,,,,,,,,,,,,,,,,,,,,,,,,,,,,,,,
product_d035d0f8-723c-ae2a-8407-e27b2a876b70,Variant,,,,,,,,25.0,true,,,InStock,,,,,A3,,,,,,,,,,,,,,,,,,,,,,,,,,,,,,,,,,
product_d035d0f8-723c-ae2a-8407-e27b2a876b70,Variant,,,,,,,,15.0,true,,,InStock,,,,,A5,,,,,,,,,,,,,,,,,,,,,,,,,,,,,,,,,,
product_01bf9c7a-c1e9-4ed6-6872-f721be7d16c9,Product,Rana bici,<p>Lámina impresa en papel de acuarela de 300 gr.&nbsp;</p><p><em>Marco no incluido.</em></p>,f23654_b585be0efef74882bd49b496c7945917~mv2.jpg,Prints,,,0.0,,true,PERCENT,20.0,InStock,,,Tamaño,DROP_DOWN,A5;A4;A3,,,,,,,,,,,,,,,,,,,,,,,,,,,,,,,,,,
product_01bf9c7a-c1e9-4ed6-6872-f721be7d16c9,Variant,,,,,,,,25.0,true,,,InStock,,,,,A3,,,,,,,,,,,,,,,,,,,,,,,,,,,,,,,,,,
product_01bf9c7a-c1e9-4ed6-6872-f721be7d16c9,Variant,,,,,,,,15.0,true,,,InStock,,,,,A5,,,,,,,,,,,,,,,,,,,,,,,,,,,,,,,,,,
product_01bf9c7a-c1e9-4ed6-6872-f721be7d16c9,Variant,,,,,,,,20.0,true,,,InStock,,,,,A4,,,,,,,,,,,,,,,,,,,,,,,,,,,,,,,,,,
product_3ad34e59-2067-b10b-6fcb-91afac094b3c,Product,Café molinillo,<p>Lámina impresa en papel de acuarela de 300 gr.&nbsp;</p><p><em>Marco no incluido.</em></p>,f23654_ec6934b64a31453a98572be38ed9da7d~mv2.jpg,Prints,,,0.0,,true,PERCENT,20.0,InStock,,,Tamaño,DROP_DOWN,A5;A4;A3,,,,,,,,,,,,,,,,,,,,,,,,,,,,,,,,,,
product_3ad34e59-2067-b10b-6fcb-91afac094b3c,Variant,,,,,,,,15.0,true,,,InStock,,,,,A5,,,,,,,,,,,,,,,,,,,,,,,,,,,,,,,,,,
product_3ad34e59-2067-b10b-6fcb-91afac094b3c,Variant,,,,,,,,25.0,true,,,InStock,,,,,A3,,,,,,,,,,,,,,,,,,,,,,,,,,,,,,,,,,
product_3ad34e59-2067-b10b-6fcb-91afac094b3c,Variant,,,,,,,,20.0,true,,,InStock,,,,,A4,,,,,,,,,,,,,,,,,,,,,,,,,,,,,,,,,,
product_e36593da-7ae6-9f30-d3b6-a787c578c23c,Product,Sansa y Arya,<p>Lámina impresa en papel de acuarela de 300 gr.&nbsp;</p><p><em>Marco no incluido.</em></p>,f23654_bb59b1a07c234b14b848d47c1bed744a~mv2.jpg,Prints,,,0.0,,true,PERCENT,20.0,InStock,,,Tamaño,DROP_DOWN,A5;A4;A3,,,,,,,,,,,,,,,,,,,,,,,,,,,,,,,,,,
product_e36593da-7ae6-9f30-d3b6-a787c578c23c,Variant,,,,,,,,20.0,true,,,InStock,,,,,A4,,,,,,,,,,,,,,,,,,,,,,,,,,,,,,,,,,
product_e36593da-7ae6-9f30-d3b6-a787c578c23c,Variant,,,,,,,,15.0,true,,,InStock,,,,,A5,,,,,,,,,,,,,,,,,,,,,,,,,,,,,,,,,,
product_e36593da-7ae6-9f30-d3b6-a787c578c23c,Variant,,,,,,,,25.0,true,,,InStock,,,,,A3,,,,,,,,,,,,,,,,,,,,,,,,,,,,,,,,,,
product_77880730-9f00-18df-0bf4-a6edeaea309d,Product,Zorro cama,<p>Lámina impresa en papel de acuarela de 300 gr.&nbsp;</p><p><em>Marco no incluido.</em></p>,f23654_fc131402eb154a779818de0228641bf1~mv2.jpg,Prints,,,0.0,,true,PERCENT,20.0,InStock,,,Tamaño,DROP_DOWN,A5;A4;A3,,,,,,,,,,,,,,,,,,,,,,,,,,,,,,,,,,
product_77880730-9f00-18df-0bf4-a6edeaea309d,Variant,,,,,,,,25.0,true,,,InStock,,,,,A3,,,,,,,,,,,,,,,,,,,,,,,,,,,,,,,,,,
product_77880730-9f00-18df-0bf4-a6edeaea309d,Variant,,,,,,,,15.0,true,,,InStock,,,,,A5,,,,,,,,,,,,,,,,,,,,,,,,,,,,,,,,,,
product_77880730-9f00-18df-0bf4-a6edeaea309d,Variant,,,,,,,,20.0,true,,,InStock,,,,,A4,,,,,,,,,,,,,,,,,,,,,,,,,,,,,,,,,,
product_3c175ece-b70c-66ae-6d84-02ea562c8511,Product,Padre e hijo,<p>Lámina impresa en papel de acuarela de 300 gr.&nbsp;</p><p><em>Marco no incluido.</em></p>,f23654_1c340ff104264d569b909a3137f0b30a~mv2.jpg,Prints,,,0.0,,true,PERCENT,20.0,InStock,,,Tamaño,DROP_DOWN,A5;A4;A3,,,,,,,,,,,,,,,,,,,,,,,,,,,,,,,,,,
product_3c175ece-b70c-66ae-6d84-02ea562c8511,Variant,,,,,,,,25.0,true,,,InStock,,,,,A3,,,,,,,,,,,,,,,,,,,,,,,,,,,,,,,,,,
product_3c175ece-b70c-66ae-6d84-02ea562c8511,Variant,,,,,,,,15.0,true,,,InStock,,,,,A5,,,,,,,,,,,,,,,,,,,,,,,,,,,,,,,,,,
product_3c175ece-b70c-66ae-6d84-02ea562c8511,Variant,,,,,,,,20.0,true,,,InStock,,,,,A4,,,,,,,,,,,,,,,,,,,,,,,,,,,,,,,,,,
product_7af491bd-2eb1-f33b-8182-7ced57d39c7e,Product,Tony Stark,<p>Lámina impresa en papel de acuarela de 300 gr.&nbsp;</p><p><em>Marco no incluido.</em></p>,f23654_b31d81a2e9f348a7a21c46c799ce1dd3~mv2.jpg,Prints,,,0.0,,true,PERCENT,20.0,InStock,,,Tamaño,DROP_DOWN,A5;A4;A3,,,,,,,,,,,,,,,,,,,,,,,,,,,,,,,,,,
product_7af491bd-2eb1-f33b-8182-7ced57d39c7e,Variant,,,,,,,,15.0,true,,,InStock,,,,,A5,,,,,,,,,,,,,,,,,,,,,,,,,,,,,,,,,,
product_7af491bd-2eb1-f33b-8182-7ced57d39c7e,Variant,,,,,,,,20.0,true,,,InStock,,,,,A4,,,,,,,,,,,,,,,,,,,,,,,,,,,,,,,,,,
product_7af491bd-2eb1-f33b-8182-7ced57d39c7e,Variant,,,,,,,,25.0,true,,,InStock,,,,,A3,,,,,,,,,,,,,,,,,,,,,,,,,,,,,,,,,,
product_a90e9bcc-9f0e-581e-2e64-26a9eccb209f,Product,Chica libro,<p>Lámina impresa en papel de acuarela de 300 gr.&nbsp;</p><p><em>Marco no incluido.</em></p>,f23654_4ba404c146474271b0ebb00f3d82666a~mv2.jpg,Prints,,,0.0,,true,PERCENT,20.0,InStock,,,Tamaño,DROP_DOWN,A5;A4;A3,,,,,,,,,,,,,,,,,,,,,,,,,,,,,,,,,,
product_a90e9bcc-9f0e-581e-2e64-26a9eccb209f,Variant,,,,,,,,15.0,true,,,InStock,,,,,A5,,,,,,,,,,,,,,,,,,,,,,,,,,,,,,,,,,
product_a90e9bcc-9f0e-581e-2e64-26a9eccb209f,Variant,,,,,,,,25.0,true,,,InStock,,,,,A3,,,,,,,,,,,,,,,,,,,,,,,,,,,,,,,,,,
product_a90e9bcc-9f0e-581e-2e64-26a9eccb209f,Variant,,,,,,,,20.0,true,,,InStock,,,,,A4,,,,,,,,,,,,,,,,,,,,,,,,,,,,,,,,,,
product_21b1f2f8-0c1d-30a5-75da-28df2fc9cea3,Product,Camaleón silla,<p>Lámina impresa en papel de acuarela de 300 gr.&nbsp;</p><p><em>Marco no incluido.</em></p>,f23654_5ca5159846b04d82824649adbb19e3a1~mv2.jpg,Prints,,,0.0,,true,PERCENT,20.0,InStock,,,Tamaño,DROP_DOWN,A5;A4;A3,,,,,,,,,,,,,,,,,,,,,,,,,,,,,,,,,,
product_21b1f2f8-0c1d-30a5-75da-28df2fc9cea3,Variant,,,,,,,,25.0,true,,,InStock,,,,,A3,,,,,,,,,,,,,,,,,,,,,,,,,,,,,,,,,,
product_21b1f2f8-0c1d-30a5-75da-28df2fc9cea3,Variant,,,,,,,,20.0,true,,,InStock,,,,,A4,,,,,,,,,,,,,,,,,,,,,,,,,,,,,,,,,,
product_21b1f2f8-0c1d-30a5-75da-28df2fc9cea3,Variant,,,,,,,,15.0,true,,,InStock,,,,,A5,,,,,,,,,,,,,,,,,,,,,,,,,,,,,,,,,,
product_831508fa-ec2e-919d-017c-953db86889da,Product,Chica planta,<p>Lámina impresa en papel de acuarela de 300 gr.&nbsp;</p><p><em>Marco no incluido.</em></p>,f23654_e0afcc7d73b24de68b9de02613116ee6~mv2.jpg,Prints,,,0.0,,true,PERCENT,20.0,InStock,,,Tamaño,DROP_DOWN,A5;A4;A3,,,,,,,,,,,,,,,,,,,,,,,,,,,,,,,,,,
product_831508fa-ec2e-919d-017c-953db86889da,Variant,,,,,,,,20.0,true,,,InStock,,,,,A4,,,,,,,,,,,,,,,,,,,,,,,,,,,,,,,,,,
product_831508fa-ec2e-919d-017c-953db86889da,Variant,,,,,,,,15.0,true,,,InStock,,,,,A5,,,,,,,,,,,,,,,,,,,,,,,,,,,,,,,,,,
product_831508fa-ec2e-919d-017c-953db86889da,Variant,,,,,,,,25.0,true,,,InStock,,,,,A3,,,,,,,,,,,,,,,,,,,,,,,,,,,,,,,,,,
product_274bd200-deae-00d5-6803-de92daff3b51,Product,Batman,<p>Lámina impresa en papel de acuarela de 300 gr.&nbsp;</p><p><em>Marco no incluido.</em></p>,f23654_e0e2300667d04c96ad820353ab9df99d~mv2.jpg,Prints,,,0.0,,true,PERCENT,20.0,InStock,,,Tamaño,DROP_DOWN,A5;A4;A3,,,,,,,,,,,,,,,,,,,,,,,,,,,,,,,,,,
product_274bd200-deae-00d5-6803-de92daff3b51,Variant,,,,,,,,25.0,true,,,InStock,,,,,A3,,,,,,,,,,,,,,,,,,,,,,,,,,,,,,,,,,
product_274bd200-deae-00d5-6803-de92daff3b51,Variant,,,,,,,,20.0,true,,,InStock,,,,,A4,,,,,,,,,,,,,,,,,,,,,,,,,,,,,,,,,,
product_274bd200-deae-00d5-6803-de92daff3b51,Variant,,,,,,,,15.0,true,,,InStock,,,,,A5,,,,,,,,,,,,,,,,,,,,,,,,,,,,,,,,,,
product_b3dda8cb-8953-21f6-eba1-69868e122c32,Product,The last of us,<p>Lámina impresa en papel de acuarela de 300 gr.&nbsp;</p><p><em>Marco no incluido.</em></p>,f23654_d183853ddf314462878092f324864859~mv2.jpg,Prints,,,0.0,,true,PERCENT,20.0,InStock,,,Tamaño,DROP_DOWN,A5;A4;A3,,,,,,,,,,,,,,,,,,,,,,,,,,,,,,,,,,
product_b3dda8cb-8953-21f6-eba1-69868e122c32,Variant,,,,,,,,20.0,true,,,InStock,,,,,A4,,,,,,,,,,,,,,,,,,,,,,,,,,,,,,,,,,
product_b3dda8cb-8953-21f6-eba1-69868e122c32,Variant,,,,,,,,25.0,true,,,InStock,,,,,A3,,,,,,,,,,,,,,,,,,,,,,,,,,,,,,,,,,
product_b3dda8cb-8953-21f6-eba1-69868e122c32,Variant,,,,,,,,15.0,true,,,InStock,,,,,A5,,,,,,,,,,,,,,,,,,,,,,,,,,,,,,,,,,
product_1334df0f-7b2c-3e23-d992-a51e5954e764,Product,Thoros y Dondarrion,<p>Lámina impresa en papel de acuarela de 300 gr.&nbsp;</p><p><em>Marco no incluido.</em></p>,f23654_cff624f8f23244c0876fea9707330481~mv2.jpg,Prints,,,0.0,,true,PERCENT,20.0,InStock,,,Tamaño,DROP_DOWN,A5;A4;A3,,,,,,,,,,,,,,,,,,,,,,,,,,,,,,,,,,
product_1334df0f-7b2c-3e23-d992-a51e5954e764,Variant,,,,,,,,20.0,true,,,InStock,,,,,A4,,,,,,,,,,,,,,,,,,,,,,,,,,,,,,,,,,
product_1334df0f-7b2c-3e23-d992-a51e5954e764,Variant,,,,,,,,15.0,true,,,InStock,,,,,A5,,,,,,,,,,,,,,,,,,,,,,,,,,,,,,,,,,
product_1334df0f-7b2c-3e23-d992-a51e5954e764,Variant,,,,,,,,25.0,true,,,InStock,,,,,A3,,,,,,,,,,,,,,,,,,,,,,,,,,,,,,,,,,
product_e50d0e19-a63c-a18d-46e8-86eb26b58eea,Product,Mantis religiosa,<p>Lámina impresa en papel de acuarela de 300 gr.&nbsp;</p><p><em>Marco no incluido.</em></p>,f23654_18b95b934cd54d39b840de135e0a06f7~mv2.jpg,Prints,,,0.0,,true,PERCENT,20.0,InStock,,,Tamaño,DROP_DOWN,A5;A4;A3,,,,,,,,,,,,,,,,,,,,,,,,,,,,,,,,,,
product_e50d0e19-a63c-a18d-46e8-86eb26b58eea,Variant,,,,,,,,25.0,true,,,InStock,,,,,A3,,,,,,,,,,,,,,,,,,,,,,,,,,,,,,,,,,
product_e50d0e19-a63c-a18d-46e8-86eb26b58eea,Variant,,,,,,,,15.0,true,,,InStock,,,,,A5,,,,,,,,,,,,,,,,,,,,,,,,,,,,,,,,,,
product_e50d0e19-a63c-a18d-46e8-86eb26b58eea,Variant,,,,,,,,20.0,true,,,InStock,,,,,A4,,,,,,,,,,,,,,,,,,,,,,,,,,,,,,,,,,
product_670f42da-ab8c-f773-210a-778bfa495ac4,Product,Tortuga,<p>Lámina impresa en papel de acuarela de 300 gr.&nbsp;</p><p><em>Marco no incluido.</em></p>,f23654_d63233c8daf94e2f8dec92cd82c56e01~mv2.jpg,Prints,,,0.0,,true,PERCENT,20.0,InStock,,,Tamaño,DROP_DOWN,A5;A4;A3,,,,,,,,,,,,,,,,,,,,,,,,,,,,,,,,,,
product_670f42da-ab8c-f773-210a-778bfa495ac4,Variant,,,,,,,,25.0,true,,,InStock,,,,,A3,,,,,,,,,,,,,,,,,,,,,,,,,,,,,,,,,,
product_670f42da-ab8c-f773-210a-778bfa495ac4,Variant,,,,,,,,15.0,true,,,InStock,,,,,A5,,,,,,,,,,,,,,,,,,,,,,,,,,,,,,,,,,
product_670f42da-ab8c-f773-210a-778bfa495ac4,Variant,,,,,,,,20.0,true,,,InStock,,,,,A4,,,,,,,,,,,,,,,,,,,,,,,,,,,,,,,,,,
product_7213854b-515e-eb07-84c0-4bfd1083d198,Product,Tigre,<p>Lámina impresa en papel de acuarela de 300 gr.&nbsp;</p><p><em>Marco no incluido.</em></p>,f23654_617d7969c0174e65911e6f9f5b7b5bfc~mv2.jpg,Prints,,,0.0,,true,PERCENT,20.0,InStock,,,Tamaño,DROP_DOWN,A5;A4;A3,,,,,,,,,,,,,,,,,,,,,,,,,,,,,,,,,,
product_7213854b-515e-eb07-84c0-4bfd1083d198,Variant,,,,,,,,25.0,true,,,InStock,,,,,A3,,,,,,,,,,,,,,,,,,,,,,,,,,,,,,,,,,
product_7213854b-515e-eb07-84c0-4bfd1083d198,Variant,,,,,,,,20.0,true,,,InStock,,,,,A4,,,,,,,,,,,,,,,,,,,,,,,,,,,,,,,,,,
product_7213854b-515e-eb07-84c0-4bfd1083d198,Variant,,,,,,,,15.0,true,,,InStock,,,,,A5,,,,,,,,,,,,,,,,,,,,,,,,,,,,,,,,,,
product_1188b0f6-ff00-d2c4-4725-6cc6902b847b,Product,Caballo en línea,<p>Lámina impresa en papel de acuarela de 300 gr.&nbsp;</p><p><em>Marco no incluido.</em></p>,f23654_ff7bf202e5f9492a989e16e013f4ba92~mv2.jpg,Prints,,,0.0,,true,PERCENT,20.0,InStock,,,Tamaño,DROP_DOWN,A5;A4;A3,,,,,,,,,,,,,,,,,,,,,,,,,,,,,,,,,,
product_1188b0f6-ff00-d2c4-4725-6cc6902b847b,Variant,,,,,,,,15.0,true,,,InStock,,,,,A5,,,,,,,,,,,,,,,,,,,,,,,,,,,,,,,,,,
product_1188b0f6-ff00-d2c4-4725-6cc6902b847b,Variant,,,,,,,,25.0,true,,,InStock,,,,,A3,,,,,,,,,,,,,,,,,,,,,,,,,,,,,,,,,,
product_1188b0f6-ff00-d2c4-4725-6cc6902b847b,Variant,,,,,,,,20.0,true,,,InStock,,,,,A4,,,,,,,,,,,,,,,,,,,,,,,,,,,,,,,,,,
product_9a3c2efd-6e48-c8b2-7a7b-2cac2fc7110c,Product,Murciélagos,<p>Lámina impresa en papel de acuarela de 300 gr.&nbsp;</p><p><em>Marco no incluido.</em></p>,f23654_b311edc03897470e8f54af833a36fbdf~mv2.jpg,Prints,,,0.0,,true,PERCENT,20.0,InStock,,,Tamaño,DROP_DOWN,A5;A4;A3,,,,,,,,,,,,,,,,,,,,,,,,,,,,,,,,,,
product_9a3c2efd-6e48-c8b2-7a7b-2cac2fc7110c,Variant,,,,,,,,15.0,true,,,InStock,,,,,A5,,,,,,,,,,,,,,,,,,,,,,,,,,,,,,,,,,
product_9a3c2efd-6e48-c8b2-7a7b-2cac2fc7110c,Variant,,,,,,,,20.0,true,,,InStock,,,,,A4,,,,,,,,,,,,,,,,,,,,,,,,,,,,,,,,,,
product_9a3c2efd-6e48-c8b2-7a7b-2cac2fc7110c,Variant,,,,,,,,25.0,true,,,InStock,,,,,A3,,,,,,,,,,,,,,,,,,,,,,,,,,,,,,,,,,
product_554ae430-1f4d-dab2-9635-ea74663d3471,Product,Tortuga,<p>Lámina impresa en papel de acuarela de 300 gr.&nbsp;</p><p><em>Marco no incluido.</em></p>,f23654_a50d695d43714046ae22025b8fbb50c7~mv2.jpg,Prints,,,0.0,,true,PERCENT,20.0,InStock,,,Tamaño,DROP_DOWN,A5;A4;A3,,,,,,,,,,,,,,,,,,,,,,,,,,,,,,,,,,
product_554ae430-1f4d-dab2-9635-ea74663d3471,Variant,,,,,,,,15.0,true,,,InStock,,,,,A5,,,,,,,,,,,,,,,,,,,,,,,,,,,,,,,,,,
product_554ae430-1f4d-dab2-9635-ea74663d3471,Variant,,,,,,,,20.0,true,,,InStock,,,,,A4,,,,,,,,,,,,,,,,,,,,,,,,,,,,,,,,,,
product_554ae430-1f4d-dab2-9635-ea74663d3471,Variant,,,,,,,,25.0,true,,,InStock,,,,,A3,,,,,,,,,,,,,,,,,,,,,,,,,,,,,,,,,,
product_298a71b7-a6fc-39aa-041e-e592b7223073,Product,Ojos águila,<p>Lámina impresa en papel de acuarela de 300 gr.&nbsp;</p><p><em>Marco no incluido.</em></p>,f23654_f83d785cfb21494494030f0311f4e733~mv2.jpg,Prints,,,0.0,,true,PERCENT,20.0,InStock,,,Tamaño,DROP_DOWN,A5;A4;A3,,,,,,,,,,,,,,,,,,,,,,,,,,,,,,,,,,
product_298a71b7-a6fc-39aa-041e-e592b7223073,Variant,,,,,,,,20.0,true,,,InStock,,,,,A4,,,,,,,,,,,,,,,,,,,,,,,,,,,,,,,,,,
product_298a71b7-a6fc-39aa-041e-e592b7223073,Variant,,,,,,,,25.0,true,,,InStock,,,,,A3,,,,,,,,,,,,,,,,,,,,,,,,,,,,,,,,,,
product_298a71b7-a6fc-39aa-041e-e592b7223073,Variant,,,,,,,,15.0,true,,,InStock,,,,,A5,,,,,,,,,,,,,,,,,,,,,,,,,,,,,,,,,,
product_e20b6d2d-7dc7-c4a6-a54a-cbd845f7ed01,Product,Escorpión,<p>Lámina impresa en papel de acuarela de 300 gr.&nbsp;</p><p><em>Marco no incluido.</em></p>,f23654_0b44d53fada2464eb7af7f2e84e170a5~mv2.jpg,Prints,,,0.0,,true,PERCENT,20.0,InStock,,,Tamaño,DROP_DOWN,A5;A4;A3,,,,,,,,,,,,,,,,,,,,,,,,,,,,,,,,,,
product_e20b6d2d-7dc7-c4a6-a54a-cbd845f7ed01,Variant,,,,,,,,20.0,true,,,InStock,,,,,A4,,,,,,,,,,,,,,,,,,,,,,,,,,,,,,,,,,
product_e20b6d2d-7dc7-c4a6-a54a-cbd845f7ed01,Variant,,,,,,,,25.0,true,,,InStock,,,,,A3,,,,,,,,,,,,,,,,,,,,,,,,,,,,,,,,,,
product_e20b6d2d-7dc7-c4a6-a54a-cbd845f7ed01,Variant,,,,,,,,15.0,true,,,InStock,,,,,A5,,,,,,,,,,,,,,,,,,,,,,,,,,,,,,,,,,
product_464af7e0-d905-9430-c88c-73772432a995,Product,Pulpo,<p>Lámina impresa en papel de acuarela de 300 gr.&nbsp;</p><p><em>Marco no incluido.</em></p>,f23654_8d59fa3122134ab5843f3dcb079b81d8~mv2.jpg,Prints,,,0.0,,true,PERCENT,20.0,InStock,,,Tamaño,DROP_DOWN,A5;A4;A3,,,,,,,,,,,,,,,,,,,,,,,,,,,,,,,,,,
product_464af7e0-d905-9430-c88c-73772432a995,Variant,,,,,,,,25.0,true,,,InStock,,,,,A3,,,,,,,,,,,,,,,,,,,,,,,,,,,,,,,,,,
product_464af7e0-d905-9430-c88c-73772432a995,Variant,,,,,,,,15.0,true,,,InStock,,,,,A5,,,,,,,,,,,,,,,,,,,,,,,,,,,,,,,,,,
product_464af7e0-d905-9430-c88c-73772432a995,Variant,,,,,,,,20.0,true,,,InStock,,,,,A4,,,,,,,,,,,,,,,,,,,,,,,,,,,,,,,,,,
product_69284dcc-df12-c2d4-e888-abe553dfcc9c,Product,Blanco y negro todo detalle,<p>Ilustración&nbsp;en blanco y negro en papel de acuarela&nbsp;de 300 gr.</p>,f23654_c7e493d3b4d642a984e8568b6537fbeb~mv2.jpg,Retratos,,,0.0,,true,PERCENT,0.0,InStock,,,Figuras a dibujar,DROP_DOWN,1;2;3;4;5;6;7;8;9;10,Tamaño,DROP_DOWN,Lámina A5 sin marco;Lámina A4 sin marco;Lámina A3 sin marco,,,,,,,,,,,,,,,,,,,,,,,,,Observaciones:,500,false,,,,
product_69284dcc-df12-c2d4-e888-abe553dfcc9c,Variant,,,,,,,,263.0,true,,,InStock,,,,,4,,,Lámina A4 sin marco,,,,,,,,,,,,,,,,,,,,,,,,,,,,,,,
product_69284dcc-df12-c2d4-e888-abe553dfcc9c,Variant,,,,,,,,393.0,true,,,InStock,,,,,6,,,Lámina A3 sin marco,,,,,,,,,,,,,,,,,,,,,,,,,,,,,,,
product_69284dcc-df12-c2d4-e888-abe553dfcc9c,Variant,,,,,,,,132.0,true,,,InStock,,,,,2,,,Lámina A4 sin marco,,,,,,,,,,,,,,,,,,,,,,,,,,,,,,,
product_69284dcc-df12-c2d4-e888-abe553dfcc9c,Variant,,,,,,,,263.0,true,,,InStock,,,,,4,,,Lámina A5 sin marco,,,,,,,,,,,,,,,,,,,,,,,,,,,,,,,
product_69284dcc-df12-c2d4-e888-abe553dfcc9c,Variant,,,,,,,,581.0,true,,,InStock,,,,,10,,,Lámina A5 sin marco,,,,,,,,,,,,,,,,,,,,,,,,,,,,,,,
product_69284dcc-df12-c2d4-e888-abe553dfcc9c,Variant,,,,,,,,327.0,true,,,InStock,,,,,5,,,Lámina A4 sin marco,,,,,,,,,,,,,,,,,,,,,,,,,,,,,,,
product_69284dcc-df12-c2d4-e888-abe553dfcc9c,Variant,,,,,,,,197.0,true,,,InStock,,,,,3,,,Lámina A5 sin marco,,,,,,,,,,,,,,,,,,,,,,,,,,,,,,,
product_69284dcc-df12-c2d4-e888-abe553dfcc9c,Variant,,,,,,,,327.0,true,,,InStock,,,,,5,,,Lámina A5 sin marco,,,,,,,,,,,,,,,,,,,,,,,,,,,,,,,
product_69284dcc-df12-c2d4-e888-abe553dfcc9c,Variant,,,,,,,,495.0,true,,,InStock,,,,,8,,,Lámina A5 sin marco,,,,,,,,,,,,,,,,,,,,,,,,,,,,,,,
product_69284dcc-df12-c2d4-e888-abe553dfcc9c,Variant,,,,,,,,581.0,true,,,InStock,,,,,10,,,Lámina A4 sin marco,,,,,,,,,,,,,,,,,,,,,,,,,,,,,,,
product_69284dcc-df12-c2d4-e888-abe553dfcc9c,Variant,,,,,,,,132.0,true,,,InStock,,,,,2,,,Lámina A5 sin marco,,,,,,,,,,,,,,,,,,,,,,,,,,,,,,,
product_69284dcc-df12-c2d4-e888-abe553dfcc9c,Variant,,,,,,,,73.0,true,,,InStock,,,,,1,,,Lámina A5 sin marco,,,,,,,,,,,,,,,,,,,,,,,,,,,,,,,
product_69284dcc-df12-c2d4-e888-abe553dfcc9c,Variant,,,,,,,,495.0,true,,,InStock,,,,,8,,,Lámina A4 sin marco,,,,,,,,,,,,,,,,,,,,,,,,,,,,,,,
product_69284dcc-df12-c2d4-e888-abe553dfcc9c,Variant,,,,,,,,433.0,true,,,InStock,,,,,7,,,Lámina A5 sin marco,,,,,,,,,,,,,,,,,,,,,,,,,,,,,,,
product_69284dcc-df12-c2d4-e888-abe553dfcc9c,Variant,,,,,,,,197.0,true,,,InStock,,,,,3,,,Lámina A3 sin marco,,,,,,,,,,,,,,,,,,,,,,,,,,,,,,,
product_69284dcc-df12-c2d4-e888-abe553dfcc9c,Variant,,,,,,,,393.0,true,,,InStock,,,,,6,,,Lámina A4 sin marco,,,,,,,,,,,,,,,,,,,,,,,,,,,,,,,
product_69284dcc-df12-c2d4-e888-abe553dfcc9c,Variant,,,,,,,,581.0,true,,,InStock,,,,,10,,,Lámina A3 sin marco,,,,,,,,,,,,,,,,,,,,,,,,,,,,,,,
product_69284dcc-df12-c2d4-e888-abe553dfcc9c,Variant,,,,,,,,73.0,true,,,InStock,,,,,1,,,Lámina A3 sin marco,,,,,,,,,,,,,,,,,,,,,,,,,,,,,,,
product_69284dcc-df12-c2d4-e888-abe553dfcc9c,Variant,,,,,,,,495.0,true,,,InStock,,,,,8,,,Lámina A3 sin marco,,,,,,,,,,,,,,,,,,,,,,,,,,,,,,,
product_69284dcc-df12-c2d4-e888-abe553dfcc9c,Variant,,,,,,,,523.0,true,,,InStock,,,,,9,,,Lámina A5 sin marco,,,,,,,,,,,,,,,,,,,,,,,,,,,,,,,
product_69284dcc-df12-c2d4-e888-abe553dfcc9c,Variant,,,,,,,,433.0,true,,,InStock,,,,,7,,,Lámina A4 sin marco,,,,,,,,,,,,,,,,,,,,,,,,,,,,,,,
product_69284dcc-df12-c2d4-e888-abe553dfcc9c,Variant,,,,,,,,393.0,true,,,InStock,,,,,6,,,Lámina A5 sin marco,,,,,,,,,,,,,,,,,,,,,,,,,,,,,,,
product_69284dcc-df12-c2d4-e888-abe553dfcc9c,Variant,,,,,,,,73.0,true,,,InStock,,,,,1,,,Lámina A4 sin marco,,,,,,,,,,,,,,,,,,,,,,,,,,,,,,,
product_69284dcc-df12-c2d4-e888-abe553dfcc9c,Variant,,,,,,,,523.0,true,,,InStock,,,,,9,,,Lámina A4 sin marco,,,,,,,,,,,,,,,,,,,,,,,,,,,,,,,
product_69284dcc-df12-c2d4-e888-abe553dfcc9c,Variant,,,,,,,,263.0,true,,,InStock,,,,,4,,,Lámina A3 sin marco,,,,,,,,,,,,,,,,,,,,,,,,,,,,,,,
product_69284dcc-df12-c2d4-e888-abe553dfcc9c,Variant,,,,,,,,327.0,true,,,InStock,,,,,5,,,Lámina A3 sin marco,,,,,,,,,,,,,,,,,,,,,,,,,,,,,,,
product_69284dcc-df12-c2d4-e888-abe553dfcc9c,Variant,,,,,,,,132.0,true,,,InStock,,,,,2,,,Lámina A3 sin marco,,,,,,,,,,,,,,,,,,,,,,,,,,,,,,,
product_69284dcc-df12-c2d4-e888-abe553dfcc9c,Variant,,,,,,,,523.0,true,,,InStock,,,,,9,,,Lámina A3 sin marco,,,,,,,,,,,,,,,,,,,,,,,,,,,,,,,
product_69284dcc-df12-c2d4-e888-abe553dfcc9c,Variant,,,,,,,,197.0,true,,,InStock,,,,,3,,,Lámina A4 sin marco,,,,,,,,,,,,,,,,,,,,,,,,,,,,,,,
product_69284dcc-df12-c2d4-e888-abe553dfcc9c,Variant,,,,,,,,433.0,true,,,InStock,,,,,7,,,Lámina A3 sin marco,,,,,,,,,,,,,,,,,,,,,,,,,,,,,,,
product_8d3227fa-8f0b-aa03-3a4a-0719da5e504c,Product,Sin caras,"<p>Ilustración&nbsp;a color sin cara, en papel de acuarela&nbsp;de 300 gr.</p>",f23654_9c6f6cbdf6444f7c89e60bb052995edb~mv2.jpg,Retratos,,,0.0,,true,PERCENT,0.0,InStock,,,Figuras a dibujar,DROP_DOWN,1;2;3;4;5;6;7;8;9;10,Tamaño,DROP_DOWN,Lámina A5 sin marco;Lámina A4 sin marco;Lámina A3 sin marco,,,,,,,,,,,,,,,,,,,,,,,,,Observaciones:,500,false,,,,
product_8d3227fa-8f0b-aa03-3a4a-0719da5e504c,Variant,,,,,,,,164.0,true,,,InStock,,,,,5,,,Lámina A3 sin marco,,,,,,,,,,,,,,,,,,,,,,,,,,,,,,,
product_8d3227fa-8f0b-aa03-3a4a-0719da5e504c,Variant,,,,,,,,249.0,true,,,InStock,,,,,8,,,Lámina A3 sin marco,,,,,,,,,,,,,,,,,,,,,,,,,,,,,,,
product_8d3227fa-8f0b-aa03-3a4a-0719da5e504c,Variant,,,,,,,,37.0,true,,,InStock,,,,,1,,,Lámina A3 sin marco,,,,,,,,,,,,,,,,,,,,,,,,,,,,,,,
product_8d3227fa-8f0b-aa03-3a4a-0719da5e504c,Variant,,,,,,,,197.0,true,,,InStock,,,,,6,,,Lámina A5 sin marco,,,,,,,,,,,,,,,,,,,,,,,,,,,,,,,
product_8d3227fa-8f0b-aa03-3a4a-0719da5e504c,Variant,,,,,,,,164.0,true,,,InStock,,,,,5,,,Lámina A4 sin marco,,,,,,,,,,,,,,,,,,,,,,,,,,,,,,,
product_8d3227fa-8f0b-aa03-3a4a-0719da5e504c,Variant,,,,,,,,99.0,true,,,InStock,,,,,3,,,Lámina A3 sin marco,,,,,,,,,,,,,,,,,,,,,,,,,,,,,,,
product_8d3227fa-8f0b-aa03-3a4a-0719da5e504c,Variant,,,,,,,,37.0,true,,,InStock,,,,,1,,,Lámina A5 sin marco,,,,,,,,,,,,,,,,,,,,,,,,,,,,,,,
product_8d3227fa-8f0b-aa03-3a4a-0719da5e504c,Variant,,,,,,,,197.0,true,,,InStock,,,,,6,,,Lámina A4 sin marco,,,,,,,,,,,,,,,,,,,,,,,,,,,,,,,
product_8d3227fa-8f0b-aa03-3a4a-0719da5e504c,Variant,,,,,,,,132.0,true,,,InStock,,,,,4,,,Lámina A5 sin marco,,,,,,,,,,,,,,,,,,,,,,,,,,,,,,,
product_8d3227fa-8f0b-aa03-3a4a-0719da5e504c,Variant,,,,,,,,66.0,true,,,InStock,,,,,2,,,Lámina A3 sin marco,,,,,,,,,,,,,,,,,,,,,,,,,,,,,,,
product_8d3227fa-8f0b-aa03-3a4a-0719da5e504c,Variant,,,,,,,,132.0,true,,,InStock,,,,,4,,,Lámina A3 sin marco,,,,,,,,,,,,,,,,,,,,,,,,,,,,,,,
product_8d3227fa-8f0b-aa03-3a4a-0719da5e504c,Variant,,,,,,,,132.0,true,,,InStock,,,,,4,,,Lámina A4 sin marco,,,,,,,,,,,,,,,,,,,,,,,,,,,,,,,
product_8d3227fa-8f0b-aa03-3a4a-0719da5e504c,Variant,,,,,,,,249.0,true,,,InStock,,,,,8,,,Lámina A5 sin marco,,,,,,,,,,,,,,,,,,,,,,,,,,,,,,,
product_8d3227fa-8f0b-aa03-3a4a-0719da5e504c,Variant,,,,,,,,99.0,true,,,InStock,,,,,3,,,Lámina A4 sin marco,,,,,,,,,,,,,,,,,,,,,,,,,,,,,,,
product_8d3227fa-8f0b-aa03-3a4a-0719da5e504c,Variant,,,,,,,,197.0,true,,,InStock,,,,,6,,,Lámina A3 sin marco,,,,,,,,,,,,,,,,,,,,,,,,,,,,,,,
product_8d3227fa-8f0b-aa03-3a4a-0719da5e504c,Variant,,,,,,,,66.0,true,,,InStock,,,,,2,,,Lámina A4 sin marco,,,,,,,,,,,,,,,,,,,,,,,,,,,,,,,
product_8d3227fa-8f0b-aa03-3a4a-0719da5e504c,Variant,,,,,,,,262.0,true,,,InStock,,,,,9,,,Lámina A3 sin marco,,,,,,,,,,,,,,,,,,,,,,,,,,,,,,,
product_8d3227fa-8f0b-aa03-3a4a-0719da5e504c,Variant,,,,,,,,290.0,true,,,InStock,,,,,10,,,Lámina A3 sin marco,,,,,,,,,,,,,,,,,,,,,,,,,,,,,,,
product_8d3227fa-8f0b-aa03-3a4a-0719da5e504c,Variant,,,,,,,,217.0,true,,,InStock,,,,,7,,,Lámina A4 sin marco,,,,,,,,,,,,,,,,,,,,,,,,,,,,,,,
product_8d3227fa-8f0b-aa03-3a4a-0719da5e504c,Variant,,,,,,,,290.0,true,,,InStock,,,,,10,,,Lámina A5 sin marco,,,,,,,,,,,,,,,,,,,,,,,,,,,,,,,
product_8d3227fa-8f0b-aa03-3a4a-0719da5e504c,Variant,,,,,,,,99.0,true,,,InStock,,,,,3,,,Lámina A5 sin marco,,,,,,,,,,,,,,,,,,,,,,,,,,,,,,,
product_8d3227fa-8f0b-aa03-3a4a-0719da5e504c,Variant,,,,,,,,262.0,true,,,InStock,,,,,9,,,Lámina A5 sin marco,,,,,,,,,,,,,,,,,,,,,,,,,,,,,,,
product_8d3227fa-8f0b-aa03-3a4a-0719da5e504c,Variant,,,,,,,,164.0,true,,,InStock,,,,,5,,,Lámina A5 sin marco,,,,,,,,,,,,,,,,,,,,,,,,,,,,,,,
product_8d3227fa-8f0b-aa03-3a4a-0719da5e504c,Variant,,,,,,,,217.0,true,,,InStock,,,,,7,,,Lámina A3 sin marco,,,,,,,,,,,,,,,,,,,,,,,,,,,,,,,
product_8d3227fa-8f0b-aa03-3a4a-0719da5e504c,Variant,,,,,,,,262.0,true,,,InStock,,,,,9,,,Lámina A4 sin marco,,,,,,,,,,,,,,,,,,,,,,,,,,,,,,,
product_8d3227fa-8f0b-aa03-3a4a-0719da5e504c,Variant,,,,,,,,249.0,true,,,InStock,,,,,8,,,Lámina A4 sin marco,,,,,,,,,,,,,,,,,,,,,,,,,,,,,,,
product_8d3227fa-8f0b-aa03-3a4a-0719da5e504c,Variant,,,,,,,,217.0,true,,,InStock,,,,,7,,,Lámina A5 sin marco,,,,,,,,,,,,,,,,,,,,,,,,,,,,,,,
product_8d3227fa-8f0b-aa03-3a4a-0719da5e504c,Variant,,,,,,,,290.0,true,,,InStock,,,,,10,,,Lámina A4 sin marco,,,,,,,,,,,,,,,,,,,,,,,,,,,,,,,
product_8d3227fa-8f0b-aa03-3a4a-0719da5e504c,Variant,,,,,,,,37.0,true,,,InStock,,,,,1,,,Lámina A4 sin marco,,,,,,,,,,,,,,,,,,,,,,,,,,,,,,,
product_8d3227fa-8f0b-aa03-3a4a-0719da5e504c,Variant,,,,,,,,66.0,true,,,InStock,,,,,2,,,Lámina A5 sin marco,,,,,,,,,,,,,,,,,,,,,,,,,,,,,,,
product_c3dbc6a8-fd96-79c1-7a11-da7f307320b6,Product,A línea,<p>Ilustración&nbsp;a línea en papel de acuarela&nbsp;de 300 gr.</p>,f23654_b8d6ffc7ba1942bfb3f8def85d5a3090~mv2.jpg,Retratos,,,0.0,,true,PERCENT,0.0,InStock,,,Figuras a dibujar,DROP_DOWN,1;2;3;4;5;6;7;8;9;10,Tamaño,DROP_DOWN,Lámina A5 sin marco;Lámina A4 sin marco;Lámina A3 sin marco,,,,,,,,,,,,,,,,,,,,,,,,,Observaciones:,500,false,,,,
product_c3dbc6a8-fd96-79c1-7a11-da7f307320b6,Variant,,,,,,,,33.0,true,,,InStock,,,,,3,,,Lámina A3 sin marco,,,,,,,,,,,,,,,,,,,,,,,,,,,,,,,
product_c3dbc6a8-fd96-79c1-7a11-da7f307320b6,Variant,,,,,,,,72.0,true,,,InStock,,,,,7,,,Lámina A4 sin marco,,,,,,,,,,,,,,,,,,,,,,,,,,,,,,,
product_c3dbc6a8-fd96-79c1-7a11-da7f307320b6,Variant,,,,,,,,33.0,true,,,InStock,,,,,3,,,Lámina A5 sin marco,,,,,,,,,,,,,,,,,,,,,,,,,,,,,,,
product_c3dbc6a8-fd96-79c1-7a11-da7f307320b6,Variant,,,,,,,,55.0,true,,,InStock,,,,,5,,,Lámina A4 sin marco,,,,,,,,,,,,,,,,,,,,,,,,,,,,,,,
product_c3dbc6a8-fd96-79c1-7a11-da7f307320b6,Variant,,,,,,,,66.0,true,,,InStock,,,,,6,,,Lámina A3 sin marco,,,,,,,,,,,,,,,,,,,,,,,,,,,,,,,
product_c3dbc6a8-fd96-79c1-7a11-da7f307320b6,Variant,,,,,,,,13.0,true,,,InStock,,,,,1,,,Lámina A5 sin marco,,,,,,,,,,,,,,,,,,,,,,,,,,,,,,,
product_c3dbc6a8-fd96-79c1-7a11-da7f307320b6,Variant,,,,,,,,13.0,true,,,InStock,,,,,1,,,Lámina A3 sin marco,,,,,,,,,,,,,,,,,,,,,,,,,,,,,,,
product_c3dbc6a8-fd96-79c1-7a11-da7f307320b6,Variant,,,,,,,,72.0,true,,,InStock,,,,,7,,,Lámina A5 sin marco,,,,,,,,,,,,,,,,,,,,,,,,,,,,,,,
product_c3dbc6a8-fd96-79c1-7a11-da7f307320b6,Variant,,,,,,,,72.0,true,,,InStock,,,,,7,,,Lámina A3 sin marco,,,,,,,,,,,,,,,,,,,,,,,,,,,,,,,
product_c3dbc6a8-fd96-79c1-7a11-da7f307320b6,Variant,,,,,,,,33.0,true,,,InStock,,,,,3,,,Lámina A4 sin marco,,,,,,,,,,,,,,,,,,,,,,,,,,,,,,,
product_c3dbc6a8-fd96-79c1-7a11-da7f307320b6,Variant,,,,,,,,83.0,true,,,InStock,,,,,8,,,Lámina A3 sin marco,,,,,,,,,,,,,,,,,,,,,,,,,,,,,,,
product_c3dbc6a8-fd96-79c1-7a11-da7f307320b6,Variant,,,,,,,,97.0,true,,,InStock,,,,,10,,,Lámina A4 sin marco,,,,,,,,,,,,,,,,,,,,,,,,,,,,,,,
product_c3dbc6a8-fd96-79c1-7a11-da7f307320b6,Variant,,,,,,,,22.0,true,,,InStock,,,,,2,,,Lámina A3 sin marco,,,,,,,,,,,,,,,,,,,,,,,,,,,,,,,
product_c3dbc6a8-fd96-79c1-7a11-da7f307320b6,Variant,,,,,,,,22.0,true,,,InStock,,,,,2,,,Lámina A4 sin marco,,,,,,,,,,,,,,,,,,,,,,,,,,,,,,,
product_c3dbc6a8-fd96-79c1-7a11-da7f307320b6,Variant,,,,,,,,13.0,true,,,InStock,,,,,1,,,Lámina A4 sin marco,,,,,,,,,,,,,,,,,,,,,,,,,,,,,,,
product_c3dbc6a8-fd96-79c1-7a11-da7f307320b6,Variant,,,,,,,,97.0,true,,,InStock,,,,,10,,,Lámina A3 sin marco,,,,,,,,,,,,,,,,,,,,,,,,,,,,,,,
product_c3dbc6a8-fd96-79c1-7a11-da7f307320b6,Variant,,,,,,,,83.0,true,,,InStock,,,,,8,,,Lámina A4 sin marco,,,,,,,,,,,,,,,,,,,,,,,,,,,,,,,
product_c3dbc6a8-fd96-79c1-7a11-da7f307320b6,Variant,,,,,,,,66.0,true,,,InStock,,,,,6,,,Lámina A5 sin marco,,,,,,,,,,,,,,,,,,,,,,,,,,,,,,,
product_c3dbc6a8-fd96-79c1-7a11-da7f307320b6,Variant,,,,,,,,83.0,true,,,InStock,,,,,8,,,Lámina A5 sin marco,,,,,,,,,,,,,,,,,,,,,,,,,,,,,,,
product_c3dbc6a8-fd96-79c1-7a11-da7f307320b6,Variant,,,,,,,,88.0,true,,,InStock,,,,,9,,,Lámina A5 sin marco,,,,,,,,,,,,,,,,,,,,,,,,,,,,,,,
product_c3dbc6a8-fd96-79c1-7a11-da7f307320b6,Variant,,,,,,,,55.0,true,,,InStock,,,,,5,,,Lámina A3 sin marco,,,,,,,,,,,,,,,,,,,,,,,,,,,,,,,
product_c3dbc6a8-fd96-79c1-7a11-da7f307320b6,Variant,,,,,,,,88.0,true,,,InStock,,,,,9,,,Lámina A3 sin marco,,,,,,,,,,,,,,,,,,,,,,,,,,,,,,,
product_c3dbc6a8-fd96-79c1-7a11-da7f307320b6,Variant,,,,,,,,97.0,true,,,InStock,,,,,10,,,Lámina A5 sin marco,,,,,,,,,,,,,,,,,,,,,,,,,,,,,,,
product_c3dbc6a8-fd96-79c1-7a11-da7f307320b6,Variant,,,,,,,,22.0,true,,,InStock,,,,,2,,,Lámina A5 sin marco,,,,,,,,,,,,,,,,,,,,,,,,,,,,,,,
product_c3dbc6a8-fd96-79c1-7a11-da7f307320b6,Variant,,,,,,,,66.0,true,,,InStock,,,,,6,,,Lámina A4 sin marco,,,,,,,,,,,,,,,,,,,,,,,,,,,,,,,
product_c3dbc6a8-fd96-79c1-7a11-da7f307320b6,Variant,,,,,,,,55.0,true,,,InStock,,,,,5,,,Lámina A5 sin marco,,,,,,,,,,,,,,,,,,,,,,,,,,,,,,,
product_c3dbc6a8-fd96-79c1-7a11-da7f307320b6,Variant,,,,,,,,44.0,true,,,InStock,,,,,4,,,Lámina A3 sin marco,,,,,,,,,,,,,,,,,,,,,,,,,,,,,,,
product_c3dbc6a8-fd96-79c1-7a11-da7f307320b6,Variant,,,,,,,,88.0,true,,,InStock,,,,,9,,,Lámina A4 sin marco,,,,,,,,,,,,,,,,,,,,,,,,,,,,,,,
product_c3dbc6a8-fd96-79c1-7a11-da7f307320b6,Variant,,,,,,,,44.0,true,,,InStock,,,,,4,,,Lámina A4 sin marco,,,,,,,,,,,,,,,,,,,,,,,,,,,,,,,
product_c3dbc6a8-fd96-79c1-7a11-da7f307320b6,Variant,,,,,,,,44.0,true,,,InStock,,,,,4,,,Lámina A5 sin marco,,,,,,,,,,,,,,,,,,,,,,,,,,,,,,,
